{"nm":"Frame 52","ddd":0,"h":56,"w":42,"meta":{"g":"LottieFiles Figma v55"},"layers":[{"ty":0,"nm":"Group","sr":1,"st":0,"op":121,"ip":0,"hd":false,"ddd":0,"bm":0,"hasMask":false,"ao":0,"ks":{"a":{"a":1,"k":[{"o":{"x":0.33,"y":1},"i":{"x":0.68,"y":1},"s":[3.12,4.37],"t":0},{"o":{"x":0.33,"y":1},"i":{"x":0.68,"y":1},"s":[3.12,4.37],"t":60},{"s":[3.12,4.37],"t":120}]},"s":{"a":1,"k":[{"o":{"x":0.33,"y":1},"i":{"x":0.68,"y":1},"s":[100,100],"t":0},{"o":{"x":0.33,"y":1},"i":{"x":0.68,"y":1},"s":[100,100],"t":60},{"s":[100,100],"t":120}]},"sk":{"a":0,"k":0},"p":{"a":1,"k":[{"o":{"x":0.33,"y":1},"i":{"x":0.68,"y":1},"s":[23.52,26.46],"t":0},{"o":{"x":0.33,"y":1},"i":{"x":0.68,"y":1},"s":[26.04,24.37],"t":60},{"s":[23.52,26.46],"t":120}]},"r":{"a":1,"k":[{"o":{"x":0.33,"y":1},"i":{"x":0.68,"y":1},"s":[0],"t":0},{"o":{"x":0.33,"y":1},"i":{"x":0.68,"y":1},"s":[34.43],"t":60},{"s":[0],"t":120}]},"sa":{"a":0,"k":0},"o":{"a":1,"k":[{"o":{"x":0.33,"y":1},"i":{"x":0.68,"y":1},"s":[100],"t":0},{"o":{"x":0.33,"y":1},"i":{"x":0.68,"y":1},"s":[100],"t":60},{"s":[100],"t":120}]}},"w":42,"h":56,"refId":"1","ind":1},{"ty":0,"nm":"Group","sr":1,"st":0,"op":121,"ip":0,"hd":false,"ddd":0,"bm":0,"hasMask":false,"ao":0,"ks":{"a":{"a":1,"k":[{"o":{"x":0.33,"y":1},"i":{"x":0.68,"y":1},"s":[14,11.29],"t":0},{"o":{"x":0.33,"y":1},"i":{"x":0.68,"y":1},"s":[14,11.29],"t":60},{"s":[14,11.29],"t":120}]},"s":{"a":1,"k":[{"o":{"x":0.33,"y":1},"i":{"x":0.68,"y":1},"s":[100,100],"t":0},{"o":{"x":0.33,"y":1},"i":{"x":0.68,"y":1},"s":[100,100],"t":60},{"s":[100,100],"t":120}]},"sk":{"a":0,"k":0},"p":{"a":1,"k":[{"o":{"x":0.33,"y":1},"i":{"x":0.68,"y":1},"s":[21,39.63],"t":0},{"o":{"x":0.33,"y":1},"i":{"x":0.68,"y":1},"s":[21,36.63],"t":60},{"s":[21,39.63],"t":120}]},"r":{"a":1,"k":[{"o":{"x":0.33,"y":1},"i":{"x":0.68,"y":1},"s":[0],"t":0},{"o":{"x":0.33,"y":1},"i":{"x":0.68,"y":1},"s":[0],"t":60},{"s":[0],"t":120}]},"sa":{"a":0,"k":0},"o":{"a":1,"k":[{"o":{"x":0.33,"y":1},"i":{"x":0.68,"y":1},"s":[100],"t":0},{"o":{"x":0.33,"y":1},"i":{"x":0.68,"y":1},"s":[100],"t":60},{"s":[100],"t":120}]}},"w":42,"h":56,"refId":"3","ind":2},{"ty":0,"nm":"Group","sr":1,"st":0,"op":121,"ip":0,"hd":false,"ddd":0,"bm":0,"hasMask":false,"ao":0,"ks":{"a":{"a":1,"k":[{"o":{"x":0.33,"y":1},"i":{"x":0.68,"y":1},"s":[3.02,4.48],"t":0},{"o":{"x":0.33,"y":1},"i":{"x":0.68,"y":1},"s":[3.02,4.48],"t":60},{"s":[3.02,4.48],"t":120}]},"s":{"a":1,"k":[{"o":{"x":0.33,"y":1},"i":{"x":0.68,"y":1},"s":[100,100],"t":0},{"o":{"x":0.33,"y":1},"i":{"x":0.68,"y":1},"s":[100,100],"t":60},{"s":[100,100],"t":120}]},"sk":{"a":0,"k":0},"p":{"a":1,"k":[{"o":{"x":0.33,"y":1},"i":{"x":0.68,"y":1},"s":[19.02,25.48],"t":0},{"o":{"x":0.33,"y":1},"i":{"x":0.68,"y":1},"s":[17.1,22.39],"t":60},{"s":[19.02,25.48],"t":120}]},"r":{"a":1,"k":[{"o":{"x":0.33,"y":1},"i":{"x":0.68,"y":1},"s":[0],"t":0},{"o":{"x":0.33,"y":1},"i":{"x":0.68,"y":1},"s":[-36.83],"t":60},{"s":[0],"t":120}]},"sa":{"a":0,"k":0},"o":{"a":1,"k":[{"o":{"x":0.33,"y":1},"i":{"x":0.68,"y":1},"s":[100],"t":0},{"o":{"x":0.33,"y":1},"i":{"x":0.68,"y":1},"s":[100],"t":60},{"s":[100],"t":120}]}},"w":42,"h":56,"refId":"4","ind":3}],"v":"5.7.0","fr":60,"op":120,"ip":0,"assets":[{"nm":"[Asset] Group","id":"1","layers":[{"ty":0,"nm":"Group","sr":1,"st":0,"op":121,"ip":0,"hd":false,"ddd":0,"bm":0,"hasMask":false,"ao":0,"ks":{"a":{"a":1,"k":[{"o":{"x":0.33,"y":1},"i":{"x":0.68,"y":1},"s":[1.49,3.04],"t":0},{"o":{"x":0.33,"y":1},"i":{"x":0.68,"y":1},"s":[1.49,3.04],"t":60},{"s":[1.49,3.04],"t":120}]},"s":{"a":1,"k":[{"o":{"x":0.33,"y":1},"i":{"x":0.68,"y":1},"s":[100,100],"t":0},{"o":{"x":0.33,"y":1},"i":{"x":0.68,"y":1},"s":[100,100],"t":60},{"s":[100,100],"t":120}]},"sk":{"a":0,"k":0},"p":{"a":1,"k":[{"o":{"x":0.33,"y":1},"i":{"x":0.68,"y":1},"s":[2.97,5.7],"t":0},{"o":{"x":0.33,"y":1},"i":{"x":0.68,"y":1},"s":[2.97,5.7],"t":60},{"s":[2.97,5.7],"t":120}]},"r":{"a":1,"k":[{"o":{"x":0.33,"y":1},"i":{"x":0.68,"y":1},"s":[0],"t":0},{"o":{"x":0.33,"y":1},"i":{"x":0.68,"y":1},"s":[0],"t":60},{"s":[0],"t":120}]},"sa":{"a":0,"k":0},"o":{"a":1,"k":[{"o":{"x":0.33,"y":1},"i":{"x":0.68,"y":1},"s":[100],"t":0},{"o":{"x":0.33,"y":1},"i":{"x":0.68,"y":1},"s":[100],"t":60},{"s":[100],"t":120}]}},"ef":[],"w":42,"h":56,"refId":"2","ind":1},{"ty":4,"nm":"Vector","sr":1,"st":0,"op":121,"ip":0,"hd":false,"ddd":0,"bm":0,"hasMask":false,"ao":0,"ks":{"a":{"a":1,"k":[{"o":{"x":0.33,"y":1},"i":{"x":0.68,"y":1},"s":[3.12,4.37],"t":0},{"o":{"x":0.33,"y":1},"i":{"x":0.68,"y":1},"s":[3.12,4.37],"t":60},{"s":[3.12,4.37],"t":120}]},"s":{"a":1,"k":[{"o":{"x":0.33,"y":1},"i":{"x":0.68,"y":1},"s":[100,100],"t":0},{"o":{"x":0.33,"y":1},"i":{"x":0.68,"y":1},"s":[100,100],"t":60},{"s":[100,100],"t":120}]},"sk":{"a":0,"k":0},"p":{"a":1,"k":[{"o":{"x":0.33,"y":1},"i":{"x":0.68,"y":1},"s":[3.12,4.37],"t":0},{"o":{"x":0.33,"y":1},"i":{"x":0.68,"y":1},"s":[3.12,4.37],"t":60},{"s":[3.12,4.37],"t":120}]},"r":{"a":1,"k":[{"o":{"x":0.33,"y":1},"i":{"x":0.68,"y":1},"s":[0],"t":0},{"o":{"x":0.33,"y":1},"i":{"x":0.68,"y":1},"s":[0],"t":60},{"s":[0],"t":120}]},"sa":{"a":0,"k":0},"o":{"a":1,"k":[{"o":{"x":0.33,"y":1},"i":{"x":0.68,"y":1},"s":[34],"t":0},{"o":{"x":0.33,"y":1},"i":{"x":0.68,"y":1},"s":[34],"t":60},{"s":[34],"t":120}]}},"ef":[],"shapes":[{"ty":"sh","bm":0,"hd":false,"nm":"","d":1,"ks":{"a":1,"k":[{"o":{"x":0.33,"y":1},"i":{"x":0.68,"y":1},"s":[{"c":true,"i":[[0,0],[-0.68,2.54],[-1.9,-0.63],[0.66,-1.85],[1.34,-0.21],[0.32,0.11],[0,0]],"o":[[-1.61,-0.57],[0.68,-2.54],[1.9,0.63],[-0.53,1.51],[-0.31,0.05],[0,0],[0,0]],"v":[[1.91,8.63],[0.26,3.38],[4.42,0.16],[5.91,5.42],[2.86,8.71],[1.91,8.63],[1.91,8.63]]}],"t":0},{"o":{"x":0.33,"y":1},"i":{"x":0.68,"y":1},"s":[{"c":true,"i":[[0,0],[-0.68,2.54],[-1.9,-0.63],[0.66,-1.85],[1.34,-0.21],[0.32,0.11],[0,0]],"o":[[-1.61,-0.57],[0.68,-2.54],[1.9,0.63],[-0.53,1.51],[-0.31,0.05],[0,0],[0,0]],"v":[[1.91,8.63],[0.26,3.38],[4.42,0.16],[5.91,5.42],[2.86,8.71],[1.91,8.63],[1.91,8.63]]}],"t":60},{"s":[{"c":true,"i":[[0,0],[-0.68,2.54],[-1.9,-0.63],[0.66,-1.85],[1.34,-0.21],[0.32,0.11],[0,0]],"o":[[-1.61,-0.57],[0.68,-2.54],[1.9,0.63],[-0.53,1.51],[-0.31,0.05],[0,0],[0,0]],"v":[[1.91,8.63],[0.26,3.38],[4.42,0.16],[5.91,5.42],[2.86,8.71],[1.91,8.63],[1.91,8.63]]}],"t":120}]}},{"ty":"st","bm":0,"hd":false,"nm":"","lc":1,"lj":1,"ml":10,"o":{"a":1,"k":[{"o":{"x":0.33,"y":1},"i":{"x":0.68,"y":1},"s":[100],"t":0},{"o":{"x":0.33,"y":1},"i":{"x":0.68,"y":1},"s":[100],"t":60},{"s":[100],"t":120}]},"w":{"a":1,"k":[{"o":{"x":0.33,"y":1},"i":{"x":0.68,"y":1},"s":[1],"t":0},{"o":{"x":0.33,"y":1},"i":{"x":0.68,"y":1},"s":[1],"t":60},{"s":[1],"t":120}]},"c":{"a":1,"k":[{"o":{"x":0.33,"y":1},"i":{"x":0.68,"y":1},"s":[1,1,1],"t":0},{"o":{"x":0.33,"y":1},"i":{"x":0.68,"y":1},"s":[1,1,1],"t":60},{"s":[1,1,1],"t":120}]}},{"ty":"fl","bm":0,"hd":false,"nm":"","c":{"a":1,"k":[{"o":{"x":0.33,"y":1},"i":{"x":0.68,"y":1},"s":[1,1,1],"t":0},{"o":{"x":0.33,"y":1},"i":{"x":0.68,"y":1},"s":[1,1,1],"t":60},{"s":[1,1,1],"t":120}]},"r":1,"o":{"a":1,"k":[{"o":{"x":0.33,"y":1},"i":{"x":0.68,"y":1},"s":[100],"t":0},{"o":{"x":0.33,"y":1},"i":{"x":0.68,"y":1},"s":[100],"t":60},{"s":[100],"t":120}]}}],"ind":2}]},{"nm":"[Asset] Group","id":"2","layers":[{"ty":4,"nm":"Vector","sr":1,"st":0,"op":121,"ip":0,"hd":false,"ddd":0,"bm":0,"hasMask":false,"ao":0,"ks":{"a":{"a":1,"k":[{"o":{"x":0.33,"y":1},"i":{"x":0.68,"y":1},"s":[0.59,3.01],"t":0},{"o":{"x":0.33,"y":1},"i":{"x":0.68,"y":1},"s":[0.59,3.01],"t":60},{"s":[0.59,3.01],"t":120}]},"s":{"a":1,"k":[{"o":{"x":0.33,"y":1},"i":{"x":0.68,"y":1},"s":[100,100],"t":0},{"o":{"x":0.33,"y":1},"i":{"x":0.68,"y":1},"s":[100,100],"t":60},{"s":[100,100],"t":120}]},"sk":{"a":0,"k":0},"p":{"a":1,"k":[{"o":{"x":0.33,"y":1},"i":{"x":0.68,"y":1},"s":[1.42,3.01],"t":0},{"o":{"x":0.33,"y":1},"i":{"x":0.68,"y":1},"s":[1.42,3.01],"t":60},{"s":[1.42,3.01],"t":120}]},"r":{"a":1,"k":[{"o":{"x":0.33,"y":1},"i":{"x":0.68,"y":1},"s":[0],"t":0},{"o":{"x":0.33,"y":1},"i":{"x":0.68,"y":1},"s":[0],"t":60},{"s":[0],"t":120}]},"sa":{"a":0,"k":0},"o":{"a":1,"k":[{"o":{"x":0.33,"y":1},"i":{"x":0.68,"y":1},"s":[100],"t":0},{"o":{"x":0.33,"y":1},"i":{"x":0.68,"y":1},"s":[100],"t":60},{"s":[100],"t":120}]}},"ef":[],"shapes":[{"ty":"sh","bm":0,"hd":false,"nm":"","d":1,"ks":{"a":1,"k":[{"o":{"x":0.33,"y":1},"i":{"x":0.68,"y":1},"s":[{"c":true,"i":[[0,0],[-1,-1.26],[-0.59,1.39]],"o":[[-0.46,1.42],[-1.14,-1.25],[0,0]],"v":[[1.17,0],[0.46,6.02],[1.17,0]]}],"t":0},{"o":{"x":0.33,"y":1},"i":{"x":0.68,"y":1},"s":[{"c":true,"i":[[0,0],[-1,-1.26],[-0.59,1.39]],"o":[[-0.46,1.42],[-1.14,-1.25],[0,0]],"v":[[1.17,0],[0.46,6.02],[1.17,0]]}],"t":60},{"s":[{"c":true,"i":[[0,0],[-1,-1.26],[-0.59,1.39]],"o":[[-0.46,1.42],[-1.14,-1.25],[0,0]],"v":[[1.17,0],[0.46,6.02],[1.17,0]]}],"t":120}]}},{"ty":"fl","bm":0,"hd":false,"nm":"","c":{"a":1,"k":[{"o":{"x":0.33,"y":1},"i":{"x":0.68,"y":1},"s":[1,1,1],"t":0},{"o":{"x":0.33,"y":1},"i":{"x":0.68,"y":1},"s":[1,1,1],"t":60},{"s":[1,1,1],"t":120}]},"r":1,"o":{"a":1,"k":[{"o":{"x":0.33,"y":1},"i":{"x":0.68,"y":1},"s":[100],"t":0},{"o":{"x":0.33,"y":1},"i":{"x":0.68,"y":1},"s":[100],"t":60},{"s":[100],"t":120}]}}],"ind":1},{"ty":4,"nm":"Vector","sr":1,"st":0,"op":121,"ip":0,"hd":false,"ddd":0,"bm":0,"hasMask":false,"ao":0,"ks":{"a":{"a":1,"k":[{"o":{"x":0.33,"y":1},"i":{"x":0.68,"y":1},"s":[0.59,3.03],"t":0},{"o":{"x":0.33,"y":1},"i":{"x":0.68,"y":1},"s":[0.59,3.03],"t":60},{"s":[0.59,3.03],"t":120}]},"s":{"a":1,"k":[{"o":{"x":0.33,"y":1},"i":{"x":0.68,"y":1},"s":[100,100],"t":0},{"o":{"x":0.33,"y":1},"i":{"x":0.68,"y":1},"s":[100,100],"t":60},{"s":[100,100],"t":120}]},"sk":{"a":0,"k":0},"p":{"a":1,"k":[{"o":{"x":0.33,"y":1},"i":{"x":0.68,"y":1},"s":[0.59,3.04],"t":0},{"o":{"x":0.33,"y":1},"i":{"x":0.68,"y":1},"s":[0.59,3.04],"t":60},{"s":[0.59,3.04],"t":120}]},"r":{"a":1,"k":[{"o":{"x":0.33,"y":1},"i":{"x":0.68,"y":1},"s":[0],"t":0},{"o":{"x":0.33,"y":1},"i":{"x":0.68,"y":1},"s":[0],"t":60},{"s":[0],"t":120}]},"sa":{"a":0,"k":0},"o":{"a":1,"k":[{"o":{"x":0.33,"y":1},"i":{"x":0.68,"y":1},"s":[100],"t":0},{"o":{"x":0.33,"y":1},"i":{"x":0.68,"y":1},"s":[100],"t":60},{"s":[100],"t":120}]}},"ef":[],"shapes":[{"ty":"sh","bm":0,"hd":false,"nm":"","d":1,"ks":{"a":1,"k":[{"o":{"x":0.33,"y":1},"i":{"x":0.68,"y":1},"s":[{"c":true,"i":[[0,0],[-1.33,-0.92],[-0.21,1.5]],"o":[[-0.07,1.49],[-1.46,-0.87],[0,0]],"v":[[0.16,0],[1.18,6.06],[0.16,0]]}],"t":0},{"o":{"x":0.33,"y":1},"i":{"x":0.68,"y":1},"s":[{"c":true,"i":[[0,0],[-1.33,-0.92],[-0.21,1.5]],"o":[[-0.07,1.49],[-1.46,-0.87],[0,0]],"v":[[0.16,0],[1.18,6.06],[0.16,0]]}],"t":60},{"s":[{"c":true,"i":[[0,0],[-1.33,-0.92],[-0.21,1.5]],"o":[[-0.07,1.49],[-1.46,-0.87],[0,0]],"v":[[0.16,0],[1.18,6.06],[0.16,0]]}],"t":120}]}},{"ty":"fl","bm":0,"hd":false,"nm":"","c":{"a":1,"k":[{"o":{"x":0.33,"y":1},"i":{"x":0.68,"y":1},"s":[1,1,1],"t":0},{"o":{"x":0.33,"y":1},"i":{"x":0.68,"y":1},"s":[1,1,1],"t":60},{"s":[1,1,1],"t":120}]},"r":1,"o":{"a":1,"k":[{"o":{"x":0.33,"y":1},"i":{"x":0.68,"y":1},"s":[100],"t":0},{"o":{"x":0.33,"y":1},"i":{"x":0.68,"y":1},"s":[100],"t":60},{"s":[100],"t":120}]}}],"ind":2},{"ty":4,"nm":"Vector","sr":1,"st":0,"op":121,"ip":0,"hd":false,"ddd":0,"bm":0,"hasMask":false,"ao":0,"ks":{"a":{"a":1,"k":[{"o":{"x":0.33,"y":1},"i":{"x":0.68,"y":1},"s":[0.8,2.39],"t":0},{"o":{"x":0.33,"y":1},"i":{"x":0.68,"y":1},"s":[0.8,2.39],"t":60},{"s":[0.8,2.39],"t":120}]},"s":{"a":1,"k":[{"o":{"x":0.33,"y":1},"i":{"x":0.68,"y":1},"s":[100,100],"t":0},{"o":{"x":0.33,"y":1},"i":{"x":0.68,"y":1},"s":[100,100],"t":60},{"s":[100,100],"t":120}]},"sk":{"a":0,"k":0},"p":{"a":1,"k":[{"o":{"x":0.33,"y":1},"i":{"x":0.68,"y":1},"s":[2.18,3.66],"t":0},{"o":{"x":0.33,"y":1},"i":{"x":0.68,"y":1},"s":[2.18,3.66],"t":60},{"s":[2.18,3.66],"t":120}]},"r":{"a":1,"k":[{"o":{"x":0.33,"y":1},"i":{"x":0.68,"y":1},"s":[0],"t":0},{"o":{"x":0.33,"y":1},"i":{"x":0.68,"y":1},"s":[0],"t":60},{"s":[0],"t":120}]},"sa":{"a":0,"k":0},"o":{"a":1,"k":[{"o":{"x":0.33,"y":1},"i":{"x":0.68,"y":1},"s":[100],"t":0},{"o":{"x":0.33,"y":1},"i":{"x":0.68,"y":1},"s":[100],"t":60},{"s":[100],"t":120}]}},"ef":[],"shapes":[{"ty":"sh","bm":0,"hd":false,"nm":"","d":1,"ks":{"a":1,"k":[{"o":{"x":0.33,"y":1},"i":{"x":0.68,"y":1},"s":[{"c":true,"i":[[0,0],[0.47,-1.31],[0,0],[-0.26,0.8],[-0.36,0.76],[0,0]],"o":[[-0.45,1.32],[0,0],[0.2,-0.82],[0.28,-0.79],[0,0],[0,0]],"v":[[1.61,0],[0.21,4.19],[0,4.79],[0.72,2.37],[1.61,0],[1.61,0]]}],"t":0},{"o":{"x":0.33,"y":1},"i":{"x":0.68,"y":1},"s":[{"c":true,"i":[[0,0],[0.47,-1.31],[0,0],[-0.26,0.8],[-0.36,0.76],[0,0]],"o":[[-0.45,1.32],[0,0],[0.2,-0.82],[0.28,-0.79],[0,0],[0,0]],"v":[[1.61,0],[0.21,4.19],[0,4.79],[0.72,2.37],[1.61,0],[1.61,0]]}],"t":60},{"s":[{"c":true,"i":[[0,0],[0.47,-1.31],[0,0],[-0.26,0.8],[-0.36,0.76],[0,0]],"o":[[-0.45,1.32],[0,0],[0.2,-0.82],[0.28,-0.79],[0,0],[0,0]],"v":[[1.61,0],[0.21,4.19],[0,4.79],[0.72,2.37],[1.61,0],[1.61,0]]}],"t":120}]}},{"ty":"fl","bm":0,"hd":false,"nm":"","c":{"a":1,"k":[{"o":{"x":0.33,"y":1},"i":{"x":0.68,"y":1},"s":[1,1,1],"t":0},{"o":{"x":0.33,"y":1},"i":{"x":0.68,"y":1},"s":[1,1,1],"t":60},{"s":[1,1,1],"t":120}]},"r":1,"o":{"a":1,"k":[{"o":{"x":0.33,"y":1},"i":{"x":0.68,"y":1},"s":[100],"t":0},{"o":{"x":0.33,"y":1},"i":{"x":0.68,"y":1},"s":[100],"t":60},{"s":[100],"t":120}]}}],"ind":3}]},{"nm":"[Asset] Group","id":"3","layers":[{"ty":4,"nm":"Vector","sr":1,"st":0,"op":121,"ip":0,"hd":false,"ddd":0,"bm":0,"hasMask":false,"ao":0,"ks":{"a":{"a":1,"k":[{"o":{"x":0.33,"y":1},"i":{"x":0.68,"y":1},"s":[0.21,0.14],"t":0},{"o":{"x":0.33,"y":1},"i":{"x":0.68,"y":1},"s":[0.21,0.14],"t":60},{"s":[0.21,0.14],"t":120}]},"s":{"a":1,"k":[{"o":{"x":0.33,"y":1},"i":{"x":0.68,"y":1},"s":[100,100],"t":0},{"o":{"x":0.33,"y":1},"i":{"x":0.68,"y":1},"s":[100,100],"t":60},{"s":[100,100],"t":120}]},"sk":{"a":0,"k":0},"p":{"a":1,"k":[{"o":{"x":0.33,"y":1},"i":{"x":0.68,"y":1},"s":[9.66,10.19],"t":0},{"o":{"x":0.33,"y":1},"i":{"x":0.68,"y":1},"s":[9.66,10.19],"t":60},{"s":[9.66,10.19],"t":120}]},"r":{"a":1,"k":[{"o":{"x":0.33,"y":1},"i":{"x":0.68,"y":1},"s":[0],"t":0},{"o":{"x":0.33,"y":1},"i":{"x":0.68,"y":1},"s":[0],"t":60},{"s":[0],"t":120}]},"sa":{"a":0,"k":0},"o":{"a":1,"k":[{"o":{"x":0.33,"y":1},"i":{"x":0.68,"y":1},"s":[71],"t":0},{"o":{"x":0.33,"y":1},"i":{"x":0.68,"y":1},"s":[71],"t":60},{"s":[71],"t":120}]}},"ef":[],"shapes":[{"ty":"sh","bm":0,"hd":false,"nm":"","d":1,"ks":{"a":1,"k":[{"o":{"x":0.33,"y":1},"i":{"x":0.68,"y":1},"s":[{"c":true,"i":[[0,0],[0,0.08],[0.12,0],[0,-0.08],[-0.12,0]],"o":[[0.12,0],[0,-0.08],[-0.12,0],[0,0.08],[0,0]],"v":[[0.21,0.28],[0.42,0.14],[0.21,0],[0,0.14],[0.21,0.28]]}],"t":0},{"o":{"x":0.33,"y":1},"i":{"x":0.68,"y":1},"s":[{"c":true,"i":[[0,0],[0,0.08],[0.12,0],[0,-0.08],[-0.12,0]],"o":[[0.12,0],[0,-0.08],[-0.12,0],[0,0.08],[0,0]],"v":[[0.21,0.28],[0.42,0.14],[0.21,0],[0,0.14],[0.21,0.28]]}],"t":60},{"s":[{"c":true,"i":[[0,0],[0,0.08],[0.12,0],[0,-0.08],[-0.12,0]],"o":[[0.12,0],[0,-0.08],[-0.12,0],[0,0.08],[0,0]],"v":[[0.21,0.28],[0.42,0.14],[0.21,0],[0,0.14],[0.21,0.28]]}],"t":120}]}},{"ty":"fl","bm":0,"hd":false,"nm":"","c":{"a":1,"k":[{"o":{"x":0.33,"y":1},"i":{"x":0.68,"y":1},"s":[1,1,1],"t":0},{"o":{"x":0.33,"y":1},"i":{"x":0.68,"y":1},"s":[1,1,1],"t":60},{"s":[1,1,1],"t":120}]},"r":1,"o":{"a":1,"k":[{"o":{"x":0.33,"y":1},"i":{"x":0.68,"y":1},"s":[100],"t":0},{"o":{"x":0.33,"y":1},"i":{"x":0.68,"y":1},"s":[100],"t":60},{"s":[100],"t":120}]}}],"ind":1},{"ty":4,"nm":"Vector","sr":1,"st":0,"op":121,"ip":0,"hd":false,"ddd":0,"bm":0,"hasMask":false,"ao":0,"ks":{"a":{"a":1,"k":[{"o":{"x":0.33,"y":1},"i":{"x":0.68,"y":1},"s":[0.21,0.14],"t":0},{"o":{"x":0.33,"y":1},"i":{"x":0.68,"y":1},"s":[0.21,0.14],"t":60},{"s":[0.21,0.14],"t":120}]},"s":{"a":1,"k":[{"o":{"x":0.33,"y":1},"i":{"x":0.68,"y":1},"s":[100,100],"t":0},{"o":{"x":0.33,"y":1},"i":{"x":0.68,"y":1},"s":[100,100],"t":60},{"s":[100,100],"t":120}]},"sk":{"a":0,"k":0},"p":{"a":1,"k":[{"o":{"x":0.33,"y":1},"i":{"x":0.68,"y":1},"s":[5.1,10.19],"t":0},{"o":{"x":0.33,"y":1},"i":{"x":0.68,"y":1},"s":[5.1,10.19],"t":60},{"s":[5.1,10.19],"t":120}]},"r":{"a":1,"k":[{"o":{"x":0.33,"y":1},"i":{"x":0.68,"y":1},"s":[0],"t":0},{"o":{"x":0.33,"y":1},"i":{"x":0.68,"y":1},"s":[0],"t":60},{"s":[0],"t":120}]},"sa":{"a":0,"k":0},"o":{"a":1,"k":[{"o":{"x":0.33,"y":1},"i":{"x":0.68,"y":1},"s":[71],"t":0},{"o":{"x":0.33,"y":1},"i":{"x":0.68,"y":1},"s":[71],"t":60},{"s":[71],"t":120}]}},"ef":[],"shapes":[{"ty":"sh","bm":0,"hd":false,"nm":"","d":1,"ks":{"a":1,"k":[{"o":{"x":0.33,"y":1},"i":{"x":0.68,"y":1},"s":[{"c":true,"i":[[0,0],[0,0.08],[0.12,0],[0,-0.08],[-0.12,0]],"o":[[0.12,0],[0,-0.08],[-0.12,0],[0,0.08],[0,0]],"v":[[0.21,0.28],[0.42,0.14],[0.21,0],[0,0.14],[0.21,0.28]]}],"t":0},{"o":{"x":0.33,"y":1},"i":{"x":0.68,"y":1},"s":[{"c":true,"i":[[0,0],[0,0.08],[0.12,0],[0,-0.08],[-0.12,0]],"o":[[0.12,0],[0,-0.08],[-0.12,0],[0,0.08],[0,0]],"v":[[0.21,0.28],[0.42,0.14],[0.21,0],[0,0.14],[0.21,0.28]]}],"t":60},{"s":[{"c":true,"i":[[0,0],[0,0.08],[0.12,0],[0,-0.08],[-0.12,0]],"o":[[0.12,0],[0,-0.08],[-0.12,0],[0,0.08],[0,0]],"v":[[0.21,0.28],[0.42,0.14],[0.21,0],[0,0.14],[0.21,0.28]]}],"t":120}]}},{"ty":"fl","bm":0,"hd":false,"nm":"","c":{"a":1,"k":[{"o":{"x":0.33,"y":1},"i":{"x":0.68,"y":1},"s":[1,1,1],"t":0},{"o":{"x":0.33,"y":1},"i":{"x":0.68,"y":1},"s":[1,1,1],"t":60},{"s":[1,1,1],"t":120}]},"r":1,"o":{"a":1,"k":[{"o":{"x":0.33,"y":1},"i":{"x":0.68,"y":1},"s":[100],"t":0},{"o":{"x":0.33,"y":1},"i":{"x":0.68,"y":1},"s":[100],"t":60},{"s":[100],"t":120}]}}],"ind":2},{"ty":4,"nm":"Vector (Stroke)","sr":1,"st":0,"op":121,"ip":0,"hd":false,"ddd":0,"bm":0,"hasMask":false,"ao":0,"ks":{"a":{"a":1,"k":[{"o":{"x":0.33,"y":1},"i":{"x":0.68,"y":1},"s":[0.58,1.16],"t":0},{"o":{"x":0.33,"y":1},"i":{"x":0.68,"y":1},"s":[0.58,1.16],"t":60},{"s":[0.58,1.16],"t":120}]},"s":{"a":1,"k":[{"o":{"x":0.33,"y":1},"i":{"x":0.68,"y":1},"s":[100,100],"t":0},{"o":{"x":0.33,"y":1},"i":{"x":0.68,"y":1},"s":[100,100],"t":60},{"s":[100,100],"t":120}]},"sk":{"a":0,"k":0},"p":{"a":1,"k":[{"o":{"x":0.33,"y":1},"i":{"x":0.68,"y":1},"s":[19.85,20.2],"t":0},{"o":{"x":0.33,"y":1},"i":{"x":0.68,"y":1},"s":[19.85,20.2],"t":60},{"s":[19.85,20.2],"t":120}]},"r":{"a":1,"k":[{"o":{"x":0.33,"y":1},"i":{"x":0.68,"y":1},"s":[0],"t":0},{"o":{"x":0.33,"y":1},"i":{"x":0.68,"y":1},"s":[0],"t":60},{"s":[0],"t":120}]},"sa":{"a":0,"k":0},"o":{"a":1,"k":[{"o":{"x":0.33,"y":1},"i":{"x":0.68,"y":1},"s":[100],"t":0},{"o":{"x":0.33,"y":1},"i":{"x":0.68,"y":1},"s":[100],"t":60},{"s":[100],"t":120}]}},"ef":[],"shapes":[{"ty":"sh","bm":0,"hd":false,"nm":"","d":1,"ks":{"a":1,"k":[{"o":{"x":0.33,"y":1},"i":{"x":0.68,"y":1},"s":[{"c":true,"i":[[0,0],[0,0],[0,0],[0,0],[0,0],[0,-0.02],[0,-0.06],[-0.04,-0.19],[-0.42,-0.43],[-0.11,0.1],[0.1,0.11],[0.06,0.32],[0,0.1],[0,0.02],[0,0.01],[0,0],[0,0],[0.15,0.02],[0.02,-0.15],[0,0]],"o":[[-0.26,-0.03],[0,0],[0,0],[0,0],[0,0.01],[0,0.03],[0,0.12],[0.07,0.39],[0.1,0.11],[0.11,-0.1],[-0.32,-0.33],[-0.03,-0.16],[0,-0.05],[0,-0.01],[0,0],[0,0],[0.02,-0.15],[-0.15,-0.02],[0,0],[0,0]],"v":[[0.27,0.27],[0.01,0.24],[0.01,0.24],[0.01,0.24],[0.01,0.26],[0,0.3],[0,0.44],[0.05,0.92],[0.71,2.24],[1.08,2.25],[1.09,1.87],[0.57,0.83],[0.53,0.44],[0.53,0.33],[0.54,0.3],[0.54,0.3],[0.54,0.3],[0.3,0],[0.01,0.24],[0.27,0.27]]}],"t":0},{"o":{"x":0.33,"y":1},"i":{"x":0.68,"y":1},"s":[{"c":true,"i":[[0,0],[0,0],[0,0],[0,0],[0,0],[0,-0.02],[0,-0.06],[-0.04,-0.19],[-0.42,-0.43],[-0.11,0.1],[0.1,0.11],[0.06,0.32],[0,0.1],[0,0.02],[0,0.01],[0,0],[0,0],[0.15,0.02],[0.02,-0.15],[0,0]],"o":[[-0.26,-0.03],[0,0],[0,0],[0,0],[0,0.01],[0,0.03],[0,0.12],[0.07,0.39],[0.1,0.11],[0.11,-0.1],[-0.32,-0.33],[-0.03,-0.16],[0,-0.05],[0,-0.01],[0,0],[0,0],[0.02,-0.15],[-0.15,-0.02],[0,0],[0,0]],"v":[[0.27,0.27],[0.01,0.24],[0.01,0.24],[0.01,0.24],[0.01,0.26],[0,0.3],[0,0.44],[0.05,0.92],[0.71,2.24],[1.08,2.25],[1.09,1.87],[0.57,0.83],[0.53,0.44],[0.53,0.33],[0.54,0.3],[0.54,0.3],[0.54,0.3],[0.3,0],[0.01,0.24],[0.27,0.27]]}],"t":60},{"s":[{"c":true,"i":[[0,0],[0,0],[0,0],[0,0],[0,0],[0,-0.02],[0,-0.06],[-0.04,-0.19],[-0.42,-0.43],[-0.11,0.1],[0.1,0.11],[0.06,0.32],[0,0.1],[0,0.02],[0,0.01],[0,0],[0,0],[0.15,0.02],[0.02,-0.15],[0,0]],"o":[[-0.26,-0.03],[0,0],[0,0],[0,0],[0,0.01],[0,0.03],[0,0.12],[0.07,0.39],[0.1,0.11],[0.11,-0.1],[-0.32,-0.33],[-0.03,-0.16],[0,-0.05],[0,-0.01],[0,0],[0,0],[0.02,-0.15],[-0.15,-0.02],[0,0],[0,0]],"v":[[0.27,0.27],[0.01,0.24],[0.01,0.24],[0.01,0.24],[0.01,0.26],[0,0.3],[0,0.44],[0.05,0.92],[0.71,2.24],[1.08,2.25],[1.09,1.87],[0.57,0.83],[0.53,0.44],[0.53,0.33],[0.54,0.3],[0.54,0.3],[0.54,0.3],[0.3,0],[0.01,0.24],[0.27,0.27]]}],"t":120}]}},{"ty":"sh","bm":0,"hd":false,"nm":"","d":1,"ks":{"a":1,"k":[{"o":{"x":0.33,"y":1},"i":{"x":0.68,"y":1},"s":[{"c":true,"i":[[0,0],[0,0]],"o":[[0,0],[0,0]],"v":[[0.54,0.3],[0.54,0.3]]}],"t":0},{"o":{"x":0.33,"y":1},"i":{"x":0.68,"y":1},"s":[{"c":true,"i":[[0,0],[0,0]],"o":[[0,0],[0,0]],"v":[[0.54,0.3],[0.54,0.3]]}],"t":60},{"s":[{"c":true,"i":[[0,0],[0,0]],"o":[[0,0],[0,0]],"v":[[0.54,0.3],[0.54,0.3]]}],"t":120}]}},{"ty":"fl","bm":0,"hd":false,"nm":"","c":{"a":1,"k":[{"o":{"x":0.33,"y":1},"i":{"x":0.68,"y":1},"s":[0.5725,0.302,0.0824],"t":0},{"o":{"x":0.33,"y":1},"i":{"x":0.68,"y":1},"s":[0.5725,0.302,0.0824],"t":60},{"s":[0.5725,0.302,0.0824],"t":120}]},"r":2,"o":{"a":1,"k":[{"o":{"x":0.33,"y":1},"i":{"x":0.68,"y":1},"s":[100],"t":0},{"o":{"x":0.33,"y":1},"i":{"x":0.68,"y":1},"s":[100],"t":60},{"s":[100],"t":120}]}}],"ind":3},{"ty":4,"nm":"Vector (Stroke)","sr":1,"st":0,"op":121,"ip":0,"hd":false,"ddd":0,"bm":0,"hasMask":false,"ao":0,"ks":{"a":{"a":1,"k":[{"o":{"x":0.33,"y":1},"i":{"x":0.68,"y":1},"s":[0.64,1.18],"t":0},{"o":{"x":0.33,"y":1},"i":{"x":0.68,"y":1},"s":[0.64,1.18],"t":60},{"s":[0.64,1.18],"t":120}]},"s":{"a":1,"k":[{"o":{"x":0.33,"y":1},"i":{"x":0.68,"y":1},"s":[100,100],"t":0},{"o":{"x":0.33,"y":1},"i":{"x":0.68,"y":1},"s":[100,100],"t":60},{"s":[100,100],"t":120}]},"sk":{"a":0,"k":0},"p":{"a":1,"k":[{"o":{"x":0.33,"y":1},"i":{"x":0.68,"y":1},"s":[18.33,20.74],"t":0},{"o":{"x":0.33,"y":1},"i":{"x":0.68,"y":1},"s":[18.33,20.74],"t":60},{"s":[18.33,20.74],"t":120}]},"r":{"a":1,"k":[{"o":{"x":0.33,"y":1},"i":{"x":0.68,"y":1},"s":[0],"t":0},{"o":{"x":0.33,"y":1},"i":{"x":0.68,"y":1},"s":[0],"t":60},{"s":[0],"t":120}]},"sa":{"a":0,"k":0},"o":{"a":1,"k":[{"o":{"x":0.33,"y":1},"i":{"x":0.68,"y":1},"s":[100],"t":0},{"o":{"x":0.33,"y":1},"i":{"x":0.68,"y":1},"s":[100],"t":60},{"s":[100],"t":120}]}},"ef":[],"shapes":[{"ty":"sh","bm":0,"hd":false,"nm":"","d":1,"ks":{"a":1,"k":[{"o":{"x":0.33,"y":1},"i":{"x":0.68,"y":1},"s":[{"c":true,"i":[[0,0],[0,0],[0,0],[0,0],[0,-0.02],[-0.01,-0.07],[-0.05,-0.2],[-0.08,-0.16],[-0.08,-0.04],[0.07,-0.13],[0.13,0.07],[0.11,0.2],[0.06,0.22],[0.02,0.15],[0.01,0.05],[0,0.01],[0,0],[0,0],[0,0],[-0.26,0.03],[0,0],[-0.15,0.01],[-0.01,-0.15]],"o":[[0,0],[0,0],[0,0],[0,0.01],[0,0.04],[0.02,0.14],[0.05,0.2],[0.09,0.17],[0.13,0.07],[-0.07,0.13],[-0.22,-0.11],[-0.11,-0.21],[-0.06,-0.22],[-0.01,-0.08],[0,-0.02],[0,0],[0,0],[0,0],[0,0],[0,0],[-0.01,-0.15],[0.15,-0.01],[0,0]],"v":[[0.53,0.24],[0.53,0.24],[0.53,0.24],[0.53,0.25],[0.54,0.3],[0.56,0.47],[0.67,1],[0.88,1.56],[1.13,1.86],[1.25,2.21],[0.9,2.33],[0.41,1.81],[0.16,1.14],[0.04,0.55],[0.01,0.37],[0,0.31],[0,0.3],[0,0.29],[0,0.29],[0.27,0.27],[0,0.29],[0.24,0],[0.53,0.24]]}],"t":0},{"o":{"x":0.33,"y":1},"i":{"x":0.68,"y":1},"s":[{"c":true,"i":[[0,0],[0,0],[0,0],[0,0],[0,-0.02],[-0.01,-0.07],[-0.05,-0.2],[-0.08,-0.16],[-0.08,-0.04],[0.07,-0.13],[0.13,0.07],[0.11,0.2],[0.06,0.22],[0.02,0.15],[0.01,0.05],[0,0.01],[0,0],[0,0],[0,0],[-0.26,0.03],[0,0],[-0.15,0.01],[-0.01,-0.15]],"o":[[0,0],[0,0],[0,0],[0,0.01],[0,0.04],[0.02,0.14],[0.05,0.2],[0.09,0.17],[0.13,0.07],[-0.07,0.13],[-0.22,-0.11],[-0.11,-0.21],[-0.06,-0.22],[-0.01,-0.08],[0,-0.02],[0,0],[0,0],[0,0],[0,0],[0,0],[-0.01,-0.15],[0.15,-0.01],[0,0]],"v":[[0.53,0.24],[0.53,0.24],[0.53,0.24],[0.53,0.25],[0.54,0.3],[0.56,0.47],[0.67,1],[0.88,1.56],[1.13,1.86],[1.25,2.21],[0.9,2.33],[0.41,1.81],[0.16,1.14],[0.04,0.55],[0.01,0.37],[0,0.31],[0,0.3],[0,0.29],[0,0.29],[0.27,0.27],[0,0.29],[0.24,0],[0.53,0.24]]}],"t":60},{"s":[{"c":true,"i":[[0,0],[0,0],[0,0],[0,0],[0,-0.02],[-0.01,-0.07],[-0.05,-0.2],[-0.08,-0.16],[-0.08,-0.04],[0.07,-0.13],[0.13,0.07],[0.11,0.2],[0.06,0.22],[0.02,0.15],[0.01,0.05],[0,0.01],[0,0],[0,0],[0,0],[-0.26,0.03],[0,0],[-0.15,0.01],[-0.01,-0.15]],"o":[[0,0],[0,0],[0,0],[0,0.01],[0,0.04],[0.02,0.14],[0.05,0.2],[0.09,0.17],[0.13,0.07],[-0.07,0.13],[-0.22,-0.11],[-0.11,-0.21],[-0.06,-0.22],[-0.01,-0.08],[0,-0.02],[0,0],[0,0],[0,0],[0,0],[0,0],[-0.01,-0.15],[0.15,-0.01],[0,0]],"v":[[0.53,0.24],[0.53,0.24],[0.53,0.24],[0.53,0.25],[0.54,0.3],[0.56,0.47],[0.67,1],[0.88,1.56],[1.13,1.86],[1.25,2.21],[0.9,2.33],[0.41,1.81],[0.16,1.14],[0.04,0.55],[0.01,0.37],[0,0.31],[0,0.3],[0,0.29],[0,0.29],[0.27,0.27],[0,0.29],[0.24,0],[0.53,0.24]]}],"t":120}]}},{"ty":"fl","bm":0,"hd":false,"nm":"","c":{"a":1,"k":[{"o":{"x":0.33,"y":1},"i":{"x":0.68,"y":1},"s":[0.5725,0.302,0.0824],"t":0},{"o":{"x":0.33,"y":1},"i":{"x":0.68,"y":1},"s":[0.5725,0.302,0.0824],"t":60},{"s":[0.5725,0.302,0.0824],"t":120}]},"r":2,"o":{"a":1,"k":[{"o":{"x":0.33,"y":1},"i":{"x":0.68,"y":1},"s":[100],"t":0},{"o":{"x":0.33,"y":1},"i":{"x":0.68,"y":1},"s":[100],"t":60},{"s":[100],"t":120}]}}],"ind":4},{"ty":4,"nm":"Vector (Stroke)","sr":1,"st":0,"op":121,"ip":0,"hd":false,"ddd":0,"bm":0,"hasMask":false,"ao":0,"ks":{"a":{"a":1,"k":[{"o":{"x":0.33,"y":1},"i":{"x":0.68,"y":1},"s":[0.39,1.26],"t":0},{"o":{"x":0.33,"y":1},"i":{"x":0.68,"y":1},"s":[0.39,1.26],"t":60},{"s":[0.39,1.26],"t":120}]},"s":{"a":1,"k":[{"o":{"x":0.33,"y":1},"i":{"x":0.68,"y":1},"s":[100,100],"t":0},{"o":{"x":0.33,"y":1},"i":{"x":0.68,"y":1},"s":[100,100],"t":60},{"s":[100,100],"t":120}]},"sk":{"a":0,"k":0},"p":{"a":1,"k":[{"o":{"x":0.33,"y":1},"i":{"x":0.68,"y":1},"s":[9.39,21.31],"t":0},{"o":{"x":0.33,"y":1},"i":{"x":0.68,"y":1},"s":[9.39,21.31],"t":60},{"s":[9.39,21.31],"t":120}]},"r":{"a":1,"k":[{"o":{"x":0.33,"y":1},"i":{"x":0.68,"y":1},"s":[0],"t":0},{"o":{"x":0.33,"y":1},"i":{"x":0.68,"y":1},"s":[0],"t":60},{"s":[0],"t":120}]},"sa":{"a":0,"k":0},"o":{"a":1,"k":[{"o":{"x":0.33,"y":1},"i":{"x":0.68,"y":1},"s":[100],"t":0},{"o":{"x":0.33,"y":1},"i":{"x":0.68,"y":1},"s":[100],"t":60},{"s":[100],"t":120}]}},"ef":[],"shapes":[{"ty":"sh","bm":0,"hd":false,"nm":"","d":1,"ks":{"a":1,"k":[{"o":{"x":0.33,"y":1},"i":{"x":0.68,"y":1},"s":[{"c":true,"i":[[0,0],[0,0],[0,0],[0.01,-0.02],[0.02,-0.07],[0.03,-0.2],[-0.02,-0.18],[-0.09,-0.1],[0.11,-0.1],[0.1,0.11],[0.03,0.25],[-0.04,0.23],[-0.05,0.15],[-0.02,0.04],[0,0.01],[0,0],[0,0],[0,0],[-0.25,-0.1],[0,0],[-0.14,-0.06],[0.06,-0.14]],"o":[[0,0],[0,0],[0,0.01],[-0.01,0.04],[-0.04,0.13],[-0.03,0.2],[0.02,0.18],[0.1,0.11],[-0.11,0.1],[-0.2,-0.21],[-0.03,-0.25],[0.04,-0.23],[0.02,-0.07],[0.01,-0.02],[0,0],[0,0],[0,0],[0,0],[0,0],[0.06,-0.14],[0.14,0.06],[0,0]],"v":[[0.77,0.37],[0.77,0.37],[0.76,0.38],[0.75,0.42],[0.69,0.57],[0.57,1.08],[0.54,1.66],[0.71,2.08],[0.7,2.45],[0.33,2.44],[0.01,1.73],[0.04,0.99],[0.19,0.41],[0.25,0.23],[0.27,0.18],[0.27,0.17],[0.27,0.17],[0.27,0.17],[0.52,0.27],[0.27,0.17],[0.62,0.02],[0.77,0.37]]}],"t":0},{"o":{"x":0.33,"y":1},"i":{"x":0.68,"y":1},"s":[{"c":true,"i":[[0,0],[0,0],[0,0],[0.01,-0.02],[0.02,-0.07],[0.03,-0.2],[-0.02,-0.18],[-0.09,-0.1],[0.11,-0.1],[0.1,0.11],[0.03,0.25],[-0.04,0.23],[-0.05,0.15],[-0.02,0.04],[0,0.01],[0,0],[0,0],[0,0],[-0.25,-0.1],[0,0],[-0.14,-0.06],[0.06,-0.14]],"o":[[0,0],[0,0],[0,0.01],[-0.01,0.04],[-0.04,0.13],[-0.03,0.2],[0.02,0.18],[0.1,0.11],[-0.11,0.1],[-0.2,-0.21],[-0.03,-0.25],[0.04,-0.23],[0.02,-0.07],[0.01,-0.02],[0,0],[0,0],[0,0],[0,0],[0,0],[0.06,-0.14],[0.14,0.06],[0,0]],"v":[[0.77,0.37],[0.77,0.37],[0.76,0.38],[0.75,0.42],[0.69,0.57],[0.57,1.08],[0.54,1.66],[0.71,2.08],[0.7,2.45],[0.33,2.44],[0.01,1.73],[0.04,0.99],[0.19,0.41],[0.25,0.23],[0.27,0.18],[0.27,0.17],[0.27,0.17],[0.27,0.17],[0.52,0.27],[0.27,0.17],[0.62,0.02],[0.77,0.37]]}],"t":60},{"s":[{"c":true,"i":[[0,0],[0,0],[0,0],[0.01,-0.02],[0.02,-0.07],[0.03,-0.2],[-0.02,-0.18],[-0.09,-0.1],[0.11,-0.1],[0.1,0.11],[0.03,0.25],[-0.04,0.23],[-0.05,0.15],[-0.02,0.04],[0,0.01],[0,0],[0,0],[0,0],[-0.25,-0.1],[0,0],[-0.14,-0.06],[0.06,-0.14]],"o":[[0,0],[0,0],[0,0.01],[-0.01,0.04],[-0.04,0.13],[-0.03,0.2],[0.02,0.18],[0.1,0.11],[-0.11,0.1],[-0.2,-0.21],[-0.03,-0.25],[0.04,-0.23],[0.02,-0.07],[0.01,-0.02],[0,0],[0,0],[0,0],[0,0],[0,0],[0.06,-0.14],[0.14,0.06],[0,0]],"v":[[0.77,0.37],[0.77,0.37],[0.76,0.38],[0.75,0.42],[0.69,0.57],[0.57,1.08],[0.54,1.66],[0.71,2.08],[0.7,2.45],[0.33,2.44],[0.01,1.73],[0.04,0.99],[0.19,0.41],[0.25,0.23],[0.27,0.18],[0.27,0.17],[0.27,0.17],[0.27,0.17],[0.52,0.27],[0.27,0.17],[0.62,0.02],[0.77,0.37]]}],"t":120}]}},{"ty":"fl","bm":0,"hd":false,"nm":"","c":{"a":1,"k":[{"o":{"x":0.33,"y":1},"i":{"x":0.68,"y":1},"s":[0.5725,0.302,0.0824],"t":0},{"o":{"x":0.33,"y":1},"i":{"x":0.68,"y":1},"s":[0.5725,0.302,0.0824],"t":60},{"s":[0.5725,0.302,0.0824],"t":120}]},"r":2,"o":{"a":1,"k":[{"o":{"x":0.33,"y":1},"i":{"x":0.68,"y":1},"s":[100],"t":0},{"o":{"x":0.33,"y":1},"i":{"x":0.68,"y":1},"s":[100],"t":60},{"s":[100],"t":120}]}}],"ind":5},{"ty":4,"nm":"Vector (Stroke)","sr":1,"st":0,"op":121,"ip":0,"hd":false,"ddd":0,"bm":0,"hasMask":false,"ao":0,"ks":{"a":{"a":1,"k":[{"o":{"x":0.33,"y":1},"i":{"x":0.68,"y":1},"s":[0.42,1.35],"t":0},{"o":{"x":0.33,"y":1},"i":{"x":0.68,"y":1},"s":[0.42,1.35],"t":60},{"s":[0.42,1.35],"t":120}]},"s":{"a":1,"k":[{"o":{"x":0.33,"y":1},"i":{"x":0.68,"y":1},"s":[100,100],"t":0},{"o":{"x":0.33,"y":1},"i":{"x":0.68,"y":1},"s":[100,100],"t":60},{"s":[100,100],"t":120}]},"sk":{"a":0,"k":0},"p":{"a":1,"k":[{"o":{"x":0.33,"y":1},"i":{"x":0.68,"y":1},"s":[7.81,21.22],"t":0},{"o":{"x":0.33,"y":1},"i":{"x":0.68,"y":1},"s":[7.81,21.22],"t":60},{"s":[7.81,21.22],"t":120}]},"r":{"a":1,"k":[{"o":{"x":0.33,"y":1},"i":{"x":0.68,"y":1},"s":[0],"t":0},{"o":{"x":0.33,"y":1},"i":{"x":0.68,"y":1},"s":[0],"t":60},{"s":[0],"t":120}]},"sa":{"a":0,"k":0},"o":{"a":1,"k":[{"o":{"x":0.33,"y":1},"i":{"x":0.68,"y":1},"s":[100],"t":0},{"o":{"x":0.33,"y":1},"i":{"x":0.68,"y":1},"s":[100],"t":60},{"s":[100],"t":120}]}},"ef":[],"shapes":[{"ty":"sh","bm":0,"hd":false,"nm":"","d":1,"ks":{"a":1,"k":[{"o":{"x":0.33,"y":1},"i":{"x":0.68,"y":1},"s":[{"c":true,"i":[[0,0],[0,0],[0,0],[0.01,-0.02],[0.02,-0.07],[0.04,-0.21],[-0.24,-0.25],[0.11,-0.1],[0.1,0.11],[-0.09,0.47],[-0.06,0.16],[-0.02,0.05],[-0.01,0.01],[0,0],[0,0],[0,0],[-0.24,-0.11],[0,0],[-0.13,-0.06],[0.06,-0.13]],"o":[[0,0],[0,0],[0,0.01],[-0.02,0.04],[-0.05,0.14],[-0.08,0.44],[0.1,0.11],[-0.11,0.1],[-0.44,-0.45],[0.05,-0.25],[0.03,-0.08],[0.01,-0.02],[0,0],[0,0],[0,0],[0,0],[0,0],[0.06,-0.13],[0.13,0.06],[0,0]],"v":[[0.81,0.38],[0.81,0.38],[0.8,0.39],[0.79,0.43],[0.72,0.6],[0.58,1.14],[0.76,2.26],[0.75,2.63],[0.38,2.63],[0.05,1.04],[0.22,0.42],[0.29,0.23],[0.32,0.18],[0.32,0.16],[0.33,0.16],[0.33,0.16],[0.57,0.27],[0.33,0.16],[0.68,0.02],[0.81,0.38]]}],"t":0},{"o":{"x":0.33,"y":1},"i":{"x":0.68,"y":1},"s":[{"c":true,"i":[[0,0],[0,0],[0,0],[0.01,-0.02],[0.02,-0.07],[0.04,-0.21],[-0.24,-0.25],[0.11,-0.1],[0.1,0.11],[-0.09,0.47],[-0.06,0.16],[-0.02,0.05],[-0.01,0.01],[0,0],[0,0],[0,0],[-0.24,-0.11],[0,0],[-0.13,-0.06],[0.06,-0.13]],"o":[[0,0],[0,0],[0,0.01],[-0.02,0.04],[-0.05,0.14],[-0.08,0.44],[0.1,0.11],[-0.11,0.1],[-0.44,-0.45],[0.05,-0.25],[0.03,-0.08],[0.01,-0.02],[0,0],[0,0],[0,0],[0,0],[0,0],[0.06,-0.13],[0.13,0.06],[0,0]],"v":[[0.81,0.38],[0.81,0.38],[0.8,0.39],[0.79,0.43],[0.72,0.6],[0.58,1.14],[0.76,2.26],[0.75,2.63],[0.38,2.63],[0.05,1.04],[0.22,0.42],[0.29,0.23],[0.32,0.18],[0.32,0.16],[0.33,0.16],[0.33,0.16],[0.57,0.27],[0.33,0.16],[0.68,0.02],[0.81,0.38]]}],"t":60},{"s":[{"c":true,"i":[[0,0],[0,0],[0,0],[0.01,-0.02],[0.02,-0.07],[0.04,-0.21],[-0.24,-0.25],[0.11,-0.1],[0.1,0.11],[-0.09,0.47],[-0.06,0.16],[-0.02,0.05],[-0.01,0.01],[0,0],[0,0],[0,0],[-0.24,-0.11],[0,0],[-0.13,-0.06],[0.06,-0.13]],"o":[[0,0],[0,0],[0,0.01],[-0.02,0.04],[-0.05,0.14],[-0.08,0.44],[0.1,0.11],[-0.11,0.1],[-0.44,-0.45],[0.05,-0.25],[0.03,-0.08],[0.01,-0.02],[0,0],[0,0],[0,0],[0,0],[0,0],[0.06,-0.13],[0.13,0.06],[0,0]],"v":[[0.81,0.38],[0.81,0.38],[0.8,0.39],[0.79,0.43],[0.72,0.6],[0.58,1.14],[0.76,2.26],[0.75,2.63],[0.38,2.63],[0.05,1.04],[0.22,0.42],[0.29,0.23],[0.32,0.18],[0.32,0.16],[0.33,0.16],[0.33,0.16],[0.57,0.27],[0.33,0.16],[0.68,0.02],[0.81,0.38]]}],"t":120}]}},{"ty":"fl","bm":0,"hd":false,"nm":"","c":{"a":1,"k":[{"o":{"x":0.33,"y":1},"i":{"x":0.68,"y":1},"s":[0.5725,0.302,0.0824],"t":0},{"o":{"x":0.33,"y":1},"i":{"x":0.68,"y":1},"s":[0.5725,0.302,0.0824],"t":60},{"s":[0.5725,0.302,0.0824],"t":120}]},"r":2,"o":{"a":1,"k":[{"o":{"x":0.33,"y":1},"i":{"x":0.68,"y":1},"s":[100],"t":0},{"o":{"x":0.33,"y":1},"i":{"x":0.68,"y":1},"s":[100],"t":60},{"s":[100],"t":120}]}}],"ind":6},{"ty":4,"nm":"Vector","sr":1,"st":0,"op":121,"ip":0,"hd":false,"ddd":0,"bm":0,"hasMask":false,"ao":0,"ks":{"a":{"a":1,"k":[{"o":{"x":0.33,"y":1},"i":{"x":0.68,"y":1},"s":[0.76,0.38],"t":0},{"o":{"x":0.33,"y":1},"i":{"x":0.68,"y":1},"s":[0.76,0.38],"t":60},{"s":[0.76,0.38],"t":120}]},"s":{"a":1,"k":[{"o":{"x":0.33,"y":1},"i":{"x":0.68,"y":1},"s":[100,100],"t":0},{"o":{"x":0.33,"y":1},"i":{"x":0.68,"y":1},"s":[100,100],"t":60},{"s":[100,100],"t":120}]},"sk":{"a":0,"k":0},"p":{"a":1,"k":[{"o":{"x":0.33,"y":1},"i":{"x":0.68,"y":1},"s":[7.43,11.91],"t":0},{"o":{"x":0.33,"y":1},"i":{"x":0.68,"y":1},"s":[7.43,11.91],"t":60},{"s":[7.43,11.91],"t":120}]},"r":{"a":1,"k":[{"o":{"x":0.33,"y":1},"i":{"x":0.68,"y":1},"s":[0],"t":0},{"o":{"x":0.33,"y":1},"i":{"x":0.68,"y":1},"s":[0],"t":60},{"s":[0],"t":120}]},"sa":{"a":0,"k":0},"o":{"a":1,"k":[{"o":{"x":0.33,"y":1},"i":{"x":0.68,"y":1},"s":[100],"t":0},{"o":{"x":0.33,"y":1},"i":{"x":0.68,"y":1},"s":[100],"t":60},{"s":[100],"t":120}]}},"ef":[],"shapes":[{"ty":"sh","bm":0,"hd":false,"nm":"","d":1,"ks":{"a":1,"k":[{"o":{"x":0.33,"y":1},"i":{"x":0.68,"y":1},"s":[{"c":true,"i":[[0,0],[0.39,0.02],[-0.16,0.41],[-0.13,-0.06],[-0.21,0.43],[0,0]],"o":[[0.15,0.41],[-0.39,0.02],[0.08,0.17],[0.39,0.16],[0,0],[0,0]],"v":[[1.49,0],[0.76,0.76],[0.03,0],[0.35,0.32],[1.49,0],[1.49,0]]}],"t":0},{"o":{"x":0.33,"y":1},"i":{"x":0.68,"y":1},"s":[{"c":true,"i":[[0,0],[0.39,0.02],[-0.16,0.41],[-0.13,-0.06],[-0.21,0.43],[0,0]],"o":[[0.15,0.41],[-0.39,0.02],[0.08,0.17],[0.39,0.16],[0,0],[0,0]],"v":[[1.49,0],[0.76,0.76],[0.03,0],[0.35,0.32],[1.49,0],[1.49,0]]}],"t":60},{"s":[{"c":true,"i":[[0,0],[0.39,0.02],[-0.16,0.41],[-0.13,-0.06],[-0.21,0.43],[0,0]],"o":[[0.15,0.41],[-0.39,0.02],[0.08,0.17],[0.39,0.16],[0,0],[0,0]],"v":[[1.49,0],[0.76,0.76],[0.03,0],[0.35,0.32],[1.49,0],[1.49,0]]}],"t":120}]}},{"ty":"fl","bm":0,"hd":false,"nm":"","c":{"a":1,"k":[{"o":{"x":0.33,"y":1},"i":{"x":0.68,"y":1},"s":[0.5725,0.302,0.0824],"t":0},{"o":{"x":0.33,"y":1},"i":{"x":0.68,"y":1},"s":[0.5725,0.302,0.0824],"t":60},{"s":[0.5725,0.302,0.0824],"t":120}]},"r":1,"o":{"a":1,"k":[{"o":{"x":0.33,"y":1},"i":{"x":0.68,"y":1},"s":[100],"t":0},{"o":{"x":0.33,"y":1},"i":{"x":0.68,"y":1},"s":[100],"t":60},{"s":[100],"t":120}]}}],"ind":7},{"ty":4,"nm":"Vector","sr":1,"st":0,"op":121,"ip":0,"hd":false,"ddd":0,"bm":0,"hasMask":false,"ao":0,"ks":{"a":{"a":1,"k":[{"o":{"x":0.33,"y":1},"i":{"x":0.68,"y":1},"s":[1.18,0.81],"t":0},{"o":{"x":0.33,"y":1},"i":{"x":0.68,"y":1},"s":[1.18,0.81],"t":60},{"s":[1.18,0.81],"t":120}]},"s":{"a":1,"k":[{"o":{"x":0.33,"y":1},"i":{"x":0.68,"y":1},"s":[100,100],"t":0},{"o":{"x":0.33,"y":1},"i":{"x":0.68,"y":1},"s":[100,100],"t":60},{"s":[100,100],"t":120}]},"sk":{"a":0,"k":0},"p":{"a":1,"k":[{"o":{"x":0.33,"y":1},"i":{"x":0.68,"y":1},"s":[4.11,12.03],"t":0},{"o":{"x":0.33,"y":1},"i":{"x":0.68,"y":1},"s":[4.11,12.03],"t":60},{"s":[4.11,12.03],"t":120}]},"r":{"a":1,"k":[{"o":{"x":0.33,"y":1},"i":{"x":0.68,"y":1},"s":[0],"t":0},{"o":{"x":0.33,"y":1},"i":{"x":0.68,"y":1},"s":[0],"t":60},{"s":[0],"t":120}]},"sa":{"a":0,"k":0},"o":{"a":1,"k":[{"o":{"x":0.33,"y":1},"i":{"x":0.68,"y":1},"s":[100],"t":0},{"o":{"x":0.33,"y":1},"i":{"x":0.68,"y":1},"s":[100],"t":60},{"s":[100],"t":120}]}},"ef":[],"shapes":[{"ty":"sh","bm":0,"hd":false,"nm":"","d":1,"ks":{"a":1,"k":[{"o":{"x":0.33,"y":1},"i":{"x":0.68,"y":1},"s":[{"c":true,"i":[[0,0],[0,0.45],[0.65,0],[0,-0.45],[-0.65,0]],"o":[[0.65,0],[0,-0.45],[-0.65,0],[0,0.45],[0,0]],"v":[[1.18,1.63],[2.36,0.81],[1.18,0],[0,0.81],[1.18,1.63]]}],"t":0},{"o":{"x":0.33,"y":1},"i":{"x":0.68,"y":1},"s":[{"c":true,"i":[[0,0],[0,0.45],[0.65,0],[0,-0.45],[-0.65,0]],"o":[[0.65,0],[0,-0.45],[-0.65,0],[0,0.45],[0,0]],"v":[[1.18,1.63],[2.36,0.81],[1.18,0],[0,0.81],[1.18,1.63]]}],"t":60},{"s":[{"c":true,"i":[[0,0],[0,0.45],[0.65,0],[0,-0.45],[-0.65,0]],"o":[[0.65,0],[0,-0.45],[-0.65,0],[0,0.45],[0,0]],"v":[[1.18,1.63],[2.36,0.81],[1.18,0],[0,0.81],[1.18,1.63]]}],"t":120}]}},{"ty":"fl","bm":0,"hd":false,"nm":"","c":{"a":1,"k":[{"o":{"x":0.33,"y":1},"i":{"x":0.68,"y":1},"s":[0.9569,0.5961,0.1216],"t":0},{"o":{"x":0.33,"y":1},"i":{"x":0.68,"y":1},"s":[0.9569,0.5961,0.1216],"t":60},{"s":[0.9569,0.5961,0.1216],"t":120}]},"r":1,"o":{"a":1,"k":[{"o":{"x":0.33,"y":1},"i":{"x":0.68,"y":1},"s":[100],"t":0},{"o":{"x":0.33,"y":1},"i":{"x":0.68,"y":1},"s":[100],"t":60},{"s":[100],"t":120}]}}],"ind":8},{"ty":4,"nm":"Vector","sr":1,"st":0,"op":121,"ip":0,"hd":false,"ddd":0,"bm":0,"hasMask":false,"ao":0,"ks":{"a":{"a":1,"k":[{"o":{"x":0.33,"y":1},"i":{"x":0.68,"y":1},"s":[1.18,0.81],"t":0},{"o":{"x":0.33,"y":1},"i":{"x":0.68,"y":1},"s":[1.18,0.81],"t":60},{"s":[1.18,0.81],"t":120}]},"s":{"a":1,"k":[{"o":{"x":0.33,"y":1},"i":{"x":0.68,"y":1},"s":[100,100],"t":0},{"o":{"x":0.33,"y":1},"i":{"x":0.68,"y":1},"s":[100,100],"t":60},{"s":[100,100],"t":120}]},"sk":{"a":0,"k":0},"p":{"a":1,"k":[{"o":{"x":0.33,"y":1},"i":{"x":0.68,"y":1},"s":[10.75,12.03],"t":0},{"o":{"x":0.33,"y":1},"i":{"x":0.68,"y":1},"s":[10.75,12.03],"t":60},{"s":[10.75,12.03],"t":120}]},"r":{"a":1,"k":[{"o":{"x":0.33,"y":1},"i":{"x":0.68,"y":1},"s":[0],"t":0},{"o":{"x":0.33,"y":1},"i":{"x":0.68,"y":1},"s":[0],"t":60},{"s":[0],"t":120}]},"sa":{"a":0,"k":0},"o":{"a":1,"k":[{"o":{"x":0.33,"y":1},"i":{"x":0.68,"y":1},"s":[100],"t":0},{"o":{"x":0.33,"y":1},"i":{"x":0.68,"y":1},"s":[100],"t":60},{"s":[100],"t":120}]}},"ef":[],"shapes":[{"ty":"sh","bm":0,"hd":false,"nm":"","d":1,"ks":{"a":1,"k":[{"o":{"x":0.33,"y":1},"i":{"x":0.68,"y":1},"s":[{"c":true,"i":[[0,0],[0,0.45],[0.65,0],[0,-0.45],[-0.65,0]],"o":[[0.65,0],[0,-0.45],[-0.65,0],[0,0.45],[0,0]],"v":[[1.18,1.63],[2.36,0.81],[1.18,0],[0,0.81],[1.18,1.63]]}],"t":0},{"o":{"x":0.33,"y":1},"i":{"x":0.68,"y":1},"s":[{"c":true,"i":[[0,0],[0,0.45],[0.65,0],[0,-0.45],[-0.65,0]],"o":[[0.65,0],[0,-0.45],[-0.65,0],[0,0.45],[0,0]],"v":[[1.18,1.63],[2.36,0.81],[1.18,0],[0,0.81],[1.18,1.63]]}],"t":60},{"s":[{"c":true,"i":[[0,0],[0,0.45],[0.65,0],[0,-0.45],[-0.65,0]],"o":[[0.65,0],[0,-0.45],[-0.65,0],[0,0.45],[0,0]],"v":[[1.18,1.63],[2.36,0.81],[1.18,0],[0,0.81],[1.18,1.63]]}],"t":120}]}},{"ty":"fl","bm":0,"hd":false,"nm":"","c":{"a":1,"k":[{"o":{"x":0.33,"y":1},"i":{"x":0.68,"y":1},"s":[0.9569,0.5961,0.1216],"t":0},{"o":{"x":0.33,"y":1},"i":{"x":0.68,"y":1},"s":[0.9569,0.5961,0.1216],"t":60},{"s":[0.9569,0.5961,0.1216],"t":120}]},"r":1,"o":{"a":1,"k":[{"o":{"x":0.33,"y":1},"i":{"x":0.68,"y":1},"s":[100],"t":0},{"o":{"x":0.33,"y":1},"i":{"x":0.68,"y":1},"s":[100],"t":60},{"s":[100],"t":120}]}}],"ind":9},{"ty":4,"nm":"Vector","sr":1,"st":0,"op":121,"ip":0,"hd":false,"ddd":0,"bm":0,"hasMask":false,"ao":0,"ks":{"a":{"a":1,"k":[{"o":{"x":0.33,"y":1},"i":{"x":0.68,"y":1},"s":[0.54,0.54],"t":0},{"o":{"x":0.33,"y":1},"i":{"x":0.68,"y":1},"s":[0.54,0.54],"t":60},{"s":[0.54,0.54],"t":120}]},"s":{"a":1,"k":[{"o":{"x":0.33,"y":1},"i":{"x":0.68,"y":1},"s":[100,100],"t":0},{"o":{"x":0.33,"y":1},"i":{"x":0.68,"y":1},"s":[100,100],"t":60},{"s":[100,100],"t":120}]},"sk":{"a":0,"k":0},"p":{"a":1,"k":[{"o":{"x":0.33,"y":1},"i":{"x":0.68,"y":1},"s":[9.66,10.32],"t":0},{"o":{"x":0.33,"y":1},"i":{"x":0.68,"y":1},"s":[9.66,10.32],"t":60},{"s":[9.66,10.32],"t":120}]},"r":{"a":1,"k":[{"o":{"x":0.33,"y":1},"i":{"x":0.68,"y":1},"s":[0],"t":0},{"o":{"x":0.33,"y":1},"i":{"x":0.68,"y":1},"s":[0],"t":60},{"s":[0],"t":120}]},"sa":{"a":0,"k":0},"o":{"a":1,"k":[{"o":{"x":0.33,"y":1},"i":{"x":0.68,"y":1},"s":[100],"t":0},{"o":{"x":0.33,"y":1},"i":{"x":0.68,"y":1},"s":[100],"t":60},{"s":[100],"t":120}]}},"ef":[],"shapes":[{"ty":"sh","bm":0,"hd":false,"nm":"","d":1,"ks":{"a":1,"k":[{"o":{"x":0.33,"y":1},"i":{"x":0.68,"y":1},"s":[{"c":true,"i":[[0,0],[0,0.3],[0.3,0],[0,-0.3],[-0.3,0]],"o":[[0.3,0],[0,-0.3],[-0.3,0],[0,0.3],[0,0]],"v":[[0.54,1.09],[1.09,0.54],[0.54,0],[0,0.54],[0.54,1.09]]}],"t":0},{"o":{"x":0.33,"y":1},"i":{"x":0.68,"y":1},"s":[{"c":true,"i":[[0,0],[0,0.3],[0.3,0],[0,-0.3],[-0.3,0]],"o":[[0.3,0],[0,-0.3],[-0.3,0],[0,0.3],[0,0]],"v":[[0.54,1.09],[1.09,0.54],[0.54,0],[0,0.54],[0.54,1.09]]}],"t":60},{"s":[{"c":true,"i":[[0,0],[0,0.3],[0.3,0],[0,-0.3],[-0.3,0]],"o":[[0.3,0],[0,-0.3],[-0.3,0],[0,0.3],[0,0]],"v":[[0.54,1.09],[1.09,0.54],[0.54,0],[0,0.54],[0.54,1.09]]}],"t":120}]}},{"ty":"fl","bm":0,"hd":false,"nm":"","c":{"a":1,"k":[{"o":{"x":0.33,"y":1},"i":{"x":0.68,"y":1},"s":[0.5725,0.302,0.0824],"t":0},{"o":{"x":0.33,"y":1},"i":{"x":0.68,"y":1},"s":[0.5725,0.302,0.0824],"t":60},{"s":[0.5725,0.302,0.0824],"t":120}]},"r":1,"o":{"a":1,"k":[{"o":{"x":0.33,"y":1},"i":{"x":0.68,"y":1},"s":[100],"t":0},{"o":{"x":0.33,"y":1},"i":{"x":0.68,"y":1},"s":[100],"t":60},{"s":[100],"t":120}]}}],"ind":10},{"ty":4,"nm":"Vector","sr":1,"st":0,"op":121,"ip":0,"hd":false,"ddd":0,"bm":0,"hasMask":false,"ao":0,"ks":{"a":{"a":1,"k":[{"o":{"x":0.33,"y":1},"i":{"x":0.68,"y":1},"s":[0.54,0.54],"t":0},{"o":{"x":0.33,"y":1},"i":{"x":0.68,"y":1},"s":[0.54,0.54],"t":60},{"s":[0.54,0.54],"t":120}]},"s":{"a":1,"k":[{"o":{"x":0.33,"y":1},"i":{"x":0.68,"y":1},"s":[100,100],"t":0},{"o":{"x":0.33,"y":1},"i":{"x":0.68,"y":1},"s":[100,100],"t":60},{"s":[100,100],"t":120}]},"sk":{"a":0,"k":0},"p":{"a":1,"k":[{"o":{"x":0.33,"y":1},"i":{"x":0.68,"y":1},"s":[5.1,10.32],"t":0},{"o":{"x":0.33,"y":1},"i":{"x":0.68,"y":1},"s":[5.1,10.32],"t":60},{"s":[5.1,10.32],"t":120}]},"r":{"a":1,"k":[{"o":{"x":0.33,"y":1},"i":{"x":0.68,"y":1},"s":[0],"t":0},{"o":{"x":0.33,"y":1},"i":{"x":0.68,"y":1},"s":[0],"t":60},{"s":[0],"t":120}]},"sa":{"a":0,"k":0},"o":{"a":1,"k":[{"o":{"x":0.33,"y":1},"i":{"x":0.68,"y":1},"s":[100],"t":0},{"o":{"x":0.33,"y":1},"i":{"x":0.68,"y":1},"s":[100],"t":60},{"s":[100],"t":120}]}},"ef":[],"shapes":[{"ty":"sh","bm":0,"hd":false,"nm":"","d":1,"ks":{"a":1,"k":[{"o":{"x":0.33,"y":1},"i":{"x":0.68,"y":1},"s":[{"c":true,"i":[[0,0],[0,0.3],[0.3,0],[0,-0.3],[-0.3,0]],"o":[[0.3,0],[0,-0.3],[-0.3,0],[0,0.3],[0,0]],"v":[[0.54,1.09],[1.09,0.54],[0.54,0],[0,0.54],[0.54,1.09]]}],"t":0},{"o":{"x":0.33,"y":1},"i":{"x":0.68,"y":1},"s":[{"c":true,"i":[[0,0],[0,0.3],[0.3,0],[0,-0.3],[-0.3,0]],"o":[[0.3,0],[0,-0.3],[-0.3,0],[0,0.3],[0,0]],"v":[[0.54,1.09],[1.09,0.54],[0.54,0],[0,0.54],[0.54,1.09]]}],"t":60},{"s":[{"c":true,"i":[[0,0],[0,0.3],[0.3,0],[0,-0.3],[-0.3,0]],"o":[[0.3,0],[0,-0.3],[-0.3,0],[0,0.3],[0,0]],"v":[[0.54,1.09],[1.09,0.54],[0.54,0],[0,0.54],[0.54,1.09]]}],"t":120}]}},{"ty":"fl","bm":0,"hd":false,"nm":"","c":{"a":1,"k":[{"o":{"x":0.33,"y":1},"i":{"x":0.68,"y":1},"s":[0.5725,0.302,0.0824],"t":0},{"o":{"x":0.33,"y":1},"i":{"x":0.68,"y":1},"s":[0.5725,0.302,0.0824],"t":60},{"s":[0.5725,0.302,0.0824],"t":120}]},"r":1,"o":{"a":1,"k":[{"o":{"x":0.33,"y":1},"i":{"x":0.68,"y":1},"s":[100],"t":0},{"o":{"x":0.33,"y":1},"i":{"x":0.68,"y":1},"s":[100],"t":60},{"s":[100],"t":120}]}}],"ind":11},{"ty":4,"nm":"Vector","sr":1,"st":0,"op":121,"ip":0,"hd":false,"ddd":0,"bm":0,"hasMask":false,"ao":0,"ks":{"a":{"a":1,"k":[{"o":{"x":0.33,"y":1},"i":{"x":0.68,"y":1},"s":[1.34,7.14],"t":0},{"o":{"x":0.33,"y":1},"i":{"x":0.68,"y":1},"s":[1.34,7.14],"t":60},{"s":[1.34,7.14],"t":120}]},"s":{"a":1,"k":[{"o":{"x":0.33,"y":1},"i":{"x":0.68,"y":1},"s":[100,100],"t":0},{"o":{"x":0.33,"y":1},"i":{"x":0.68,"y":1},"s":[100,100],"t":60},{"s":[100,100],"t":120}]},"sk":{"a":0,"k":0},"p":{"a":1,"k":[{"o":{"x":0.33,"y":1},"i":{"x":0.68,"y":1},"s":[22.72,10.88],"t":0},{"o":{"x":0.33,"y":1},"i":{"x":0.68,"y":1},"s":[22.72,10.88],"t":60},{"s":[22.72,10.88],"t":120}]},"r":{"a":1,"k":[{"o":{"x":0.33,"y":1},"i":{"x":0.68,"y":1},"s":[0],"t":0},{"o":{"x":0.33,"y":1},"i":{"x":0.68,"y":1},"s":[0],"t":60},{"s":[0],"t":120}]},"sa":{"a":0,"k":0},"o":{"a":1,"k":[{"o":{"x":0.33,"y":1},"i":{"x":0.68,"y":1},"s":[100],"t":0},{"o":{"x":0.33,"y":1},"i":{"x":0.68,"y":1},"s":[100],"t":60},{"s":[100],"t":120}]}},"ef":[],"shapes":[{"ty":"sh","bm":0,"hd":false,"nm":"","d":1,"ks":{"a":1,"k":[{"o":{"x":0.33,"y":1},"i":{"x":0.68,"y":1},"s":[{"c":true,"i":[[0,0],[-0.18,-0.33],[0.09,-3.67],[0.17,-0.29],[0.12,0.06],[0.03,3.96],[-0.05,0.17],[0,0]],"o":[[0.02,-0.08],[0.18,0.33],[-0.09,3.67],[-0.17,0.29],[-0.12,-0.06],[-0.03,-3.96],[0,0],[0,0]],"v":[[0.01,0],[1.7,1.57],[2.66,7.56],[1.75,12.59],[0.01,14.28],[1.61,7.66],[0.01,0],[0.01,0]]}],"t":0},{"o":{"x":0.33,"y":1},"i":{"x":0.68,"y":1},"s":[{"c":true,"i":[[0,0],[-0.18,-0.33],[0.09,-3.67],[0.17,-0.29],[0.12,0.06],[0.03,3.96],[-0.05,0.17],[0,0]],"o":[[0.02,-0.08],[0.18,0.33],[-0.09,3.67],[-0.17,0.29],[-0.12,-0.06],[-0.03,-3.96],[0,0],[0,0]],"v":[[0.01,0],[1.7,1.57],[2.66,7.56],[1.75,12.59],[0.01,14.28],[1.61,7.66],[0.01,0],[0.01,0]]}],"t":60},{"s":[{"c":true,"i":[[0,0],[-0.18,-0.33],[0.09,-3.67],[0.17,-0.29],[0.12,0.06],[0.03,3.96],[-0.05,0.17],[0,0]],"o":[[0.02,-0.08],[0.18,0.33],[-0.09,3.67],[-0.17,0.29],[-0.12,-0.06],[-0.03,-3.96],[0,0],[0,0]],"v":[[0.01,0],[1.7,1.57],[2.66,7.56],[1.75,12.59],[0.01,14.28],[1.61,7.66],[0.01,0],[0.01,0]]}],"t":120}]}},{"ty":"fl","bm":0,"hd":false,"nm":"","c":{"a":1,"k":[{"o":{"x":0.33,"y":1},"i":{"x":0.68,"y":1},"s":[0.9529,0.9059,0.1765],"t":0},{"o":{"x":0.33,"y":1},"i":{"x":0.68,"y":1},"s":[0.9529,0.9059,0.1765],"t":60},{"s":[0.9529,0.9059,0.1765],"t":120}]},"r":1,"o":{"a":1,"k":[{"o":{"x":0.33,"y":1},"i":{"x":0.68,"y":1},"s":[100],"t":0},{"o":{"x":0.33,"y":1},"i":{"x":0.68,"y":1},"s":[100],"t":60},{"s":[100],"t":120}]}}],"ind":12},{"ty":4,"nm":"Vector","sr":1,"st":0,"op":121,"ip":0,"hd":false,"ddd":0,"bm":0,"hasMask":false,"ao":0,"ks":{"a":{"a":1,"k":[{"o":{"x":0.33,"y":1},"i":{"x":0.68,"y":1},"s":[2.5,9.14],"t":0},{"o":{"x":0.33,"y":1},"i":{"x":0.68,"y":1},"s":[2.5,9.14],"t":60},{"s":[2.5,9.14],"t":120}]},"s":{"a":1,"k":[{"o":{"x":0.33,"y":1},"i":{"x":0.68,"y":1},"s":[100,100],"t":0},{"o":{"x":0.33,"y":1},"i":{"x":0.68,"y":1},"s":[100,100],"t":60},{"s":[100,100],"t":120}]},"sk":{"a":0,"k":0},"p":{"a":1,"k":[{"o":{"x":0.33,"y":1},"i":{"x":0.68,"y":1},"s":[18.05,10.75],"t":0},{"o":{"x":0.33,"y":1},"i":{"x":0.68,"y":1},"s":[18.05,10.75],"t":60},{"s":[18.05,10.75],"t":120}]},"r":{"a":1,"k":[{"o":{"x":0.33,"y":1},"i":{"x":0.68,"y":1},"s":[0],"t":0},{"o":{"x":0.33,"y":1},"i":{"x":0.68,"y":1},"s":[0],"t":60},{"s":[0],"t":120}]},"sa":{"a":0,"k":0},"o":{"a":1,"k":[{"o":{"x":0.33,"y":1},"i":{"x":0.68,"y":1},"s":[100],"t":0},{"o":{"x":0.33,"y":1},"i":{"x":0.68,"y":1},"s":[100],"t":60},{"s":[100],"t":120}]}},"ef":[],"shapes":[{"ty":"sh","bm":0,"hd":false,"nm":"","d":1,"ks":{"a":1,"k":[{"o":{"x":0.33,"y":1},"i":{"x":0.68,"y":1},"s":[{"c":true,"i":[[0,0],[-0.18,-0.12],[0.19,-5.07],[0.89,-1.11],[0.08,-0.03],[0.23,-0.01],[-0.01,0.01],[-0.04,5.7],[0.23,0.5]],"o":[[-0.02,-0.05],[0.18,0.12],[-0.18,4.92],[-0.05,0.06],[-0.89,0.29],[-0.02,0],[0.42,-0.34],[0.04,-4.94],[0,0]],"v":[[0.58,0.07],[2.03,0.07],[4.99,9.35],[2.23,17.81],[2.04,17.94],[0.02,18.29],[0.01,18.26],[3.82,9.35],[0.58,0.07]]}],"t":0},{"o":{"x":0.33,"y":1},"i":{"x":0.68,"y":1},"s":[{"c":true,"i":[[0,0],[-0.18,-0.12],[0.19,-5.07],[0.89,-1.11],[0.08,-0.03],[0.23,-0.01],[-0.01,0.01],[-0.04,5.7],[0.23,0.5]],"o":[[-0.02,-0.05],[0.18,0.12],[-0.18,4.92],[-0.05,0.06],[-0.89,0.29],[-0.02,0],[0.42,-0.34],[0.04,-4.94],[0,0]],"v":[[0.58,0.07],[2.03,0.07],[4.99,9.35],[2.23,17.81],[2.04,17.94],[0.02,18.29],[0.01,18.26],[3.82,9.35],[0.58,0.07]]}],"t":60},{"s":[{"c":true,"i":[[0,0],[-0.18,-0.12],[0.19,-5.07],[0.89,-1.11],[0.08,-0.03],[0.23,-0.01],[-0.01,0.01],[-0.04,5.7],[0.23,0.5]],"o":[[-0.02,-0.05],[0.18,0.12],[-0.18,4.92],[-0.05,0.06],[-0.89,0.29],[-0.02,0],[0.42,-0.34],[0.04,-4.94],[0,0]],"v":[[0.58,0.07],[2.03,0.07],[4.99,9.35],[2.23,17.81],[2.04,17.94],[0.02,18.29],[0.01,18.26],[3.82,9.35],[0.58,0.07]]}],"t":120}]}},{"ty":"fl","bm":0,"hd":false,"nm":"","c":{"a":1,"k":[{"o":{"x":0.33,"y":1},"i":{"x":0.68,"y":1},"s":[0.9529,0.9059,0.1765],"t":0},{"o":{"x":0.33,"y":1},"i":{"x":0.68,"y":1},"s":[0.9529,0.9059,0.1765],"t":60},{"s":[0.9529,0.9059,0.1765],"t":120}]},"r":1,"o":{"a":1,"k":[{"o":{"x":0.33,"y":1},"i":{"x":0.68,"y":1},"s":[100],"t":0},{"o":{"x":0.33,"y":1},"i":{"x":0.68,"y":1},"s":[100],"t":60},{"s":[100],"t":120}]}}],"ind":13},{"ty":4,"nm":"Vector","sr":1,"st":0,"op":121,"ip":0,"hd":false,"ddd":0,"bm":0,"hasMask":false,"ao":0,"ks":{"a":{"a":1,"k":[{"o":{"x":0.33,"y":1},"i":{"x":0.68,"y":1},"s":[8.3,9.52],"t":0},{"o":{"x":0.33,"y":1},"i":{"x":0.68,"y":1},"s":[8.3,9.52],"t":60},{"s":[8.3,9.52],"t":120}]},"s":{"a":1,"k":[{"o":{"x":0.33,"y":1},"i":{"x":0.68,"y":1},"s":[100,100],"t":0},{"o":{"x":0.33,"y":1},"i":{"x":0.68,"y":1},"s":[100,100],"t":60},{"s":[100,100],"t":120}]},"sk":{"a":0,"k":0},"p":{"a":1,"k":[{"o":{"x":0.33,"y":1},"i":{"x":0.68,"y":1},"s":[8.91,10.38],"t":0},{"o":{"x":0.33,"y":1},"i":{"x":0.68,"y":1},"s":[8.91,10.38],"t":60},{"s":[8.91,10.38],"t":120}]},"r":{"a":1,"k":[{"o":{"x":0.33,"y":1},"i":{"x":0.68,"y":1},"s":[0],"t":0},{"o":{"x":0.33,"y":1},"i":{"x":0.68,"y":1},"s":[0],"t":60},{"s":[0],"t":120}]},"sa":{"a":0,"k":0},"o":{"a":1,"k":[{"o":{"x":0.33,"y":1},"i":{"x":0.68,"y":1},"s":[100],"t":0},{"o":{"x":0.33,"y":1},"i":{"x":0.68,"y":1},"s":[100],"t":60},{"s":[100],"t":120}]}},"ef":[],"shapes":[{"ty":"sh","bm":0,"hd":false,"nm":"","d":1,"ks":{"a":1,"k":[{"o":{"x":0.33,"y":1},"i":{"x":0.68,"y":1},"s":[{"c":true,"i":[[0,0],[-4.41,0.13],[0.3,-6.27],[4.68,0.63],[0.06,4.91]],"o":[[-0.07,-5.41],[5.17,-0.15],[-0.3,6.27],[-4.68,-0.63],[0,0]],"v":[[0,10.11],[7.89,0],[16.59,10.11],[7.7,18.97],[0,10.11]]}],"t":0},{"o":{"x":0.33,"y":1},"i":{"x":0.68,"y":1},"s":[{"c":true,"i":[[0,0],[-4.41,0.13],[0.3,-6.27],[4.68,0.63],[0.06,4.91]],"o":[[-0.07,-5.41],[5.17,-0.15],[-0.3,6.27],[-4.68,-0.63],[0,0]],"v":[[0,10.11],[7.89,0],[16.59,10.11],[7.7,18.97],[0,10.11]]}],"t":60},{"s":[{"c":true,"i":[[0,0],[-4.41,0.13],[0.3,-6.27],[4.68,0.63],[0.06,4.91]],"o":[[-0.07,-5.41],[5.17,-0.15],[-0.3,6.27],[-4.68,-0.63],[0,0]],"v":[[0,10.11],[7.89,0],[16.59,10.11],[7.7,18.97],[0,10.11]]}],"t":120}]}},{"ty":"fl","bm":0,"hd":false,"nm":"","c":{"a":1,"k":[{"o":{"x":0.33,"y":1},"i":{"x":0.68,"y":1},"s":[0.9529,0.9059,0.1765],"t":0},{"o":{"x":0.33,"y":1},"i":{"x":0.68,"y":1},"s":[0.9529,0.9059,0.1765],"t":60},{"s":[0.9529,0.9059,0.1765],"t":120}]},"r":1,"o":{"a":1,"k":[{"o":{"x":0.33,"y":1},"i":{"x":0.68,"y":1},"s":[100],"t":0},{"o":{"x":0.33,"y":1},"i":{"x":0.68,"y":1},"s":[100],"t":60},{"s":[100],"t":120}]}}],"ind":14},{"ty":4,"nm":"Vector","sr":1,"st":0,"op":121,"ip":0,"hd":false,"ddd":0,"bm":0,"hasMask":false,"ao":0,"ks":{"a":{"a":1,"k":[{"o":{"x":0.33,"y":1},"i":{"x":0.68,"y":1},"s":[14,10.38],"t":0},{"o":{"x":0.33,"y":1},"i":{"x":0.68,"y":1},"s":[14,10.38],"t":60},{"s":[14,10.38],"t":120}]},"s":{"a":1,"k":[{"o":{"x":0.33,"y":1},"i":{"x":0.68,"y":1},"s":[100,100],"t":0},{"o":{"x":0.33,"y":1},"i":{"x":0.68,"y":1},"s":[100,100],"t":60},{"s":[100,100],"t":120}]},"sk":{"a":0,"k":0},"p":{"a":1,"k":[{"o":{"x":0.33,"y":1},"i":{"x":0.68,"y":1},"s":[14,10.38],"t":0},{"o":{"x":0.33,"y":1},"i":{"x":0.68,"y":1},"s":[14,10.38],"t":60},{"s":[14,10.38],"t":120}]},"r":{"a":1,"k":[{"o":{"x":0.33,"y":1},"i":{"x":0.68,"y":1},"s":[0],"t":0},{"o":{"x":0.33,"y":1},"i":{"x":0.68,"y":1},"s":[0],"t":60},{"s":[0],"t":120}]},"sa":{"a":0,"k":0},"o":{"a":1,"k":[{"o":{"x":0.33,"y":1},"i":{"x":0.68,"y":1},"s":[100],"t":0},{"o":{"x":0.33,"y":1},"i":{"x":0.68,"y":1},"s":[100],"t":60},{"s":[100],"t":120}]}},"ef":[],"shapes":[{"ty":"sh","bm":0,"hd":false,"nm":"","d":1,"ks":{"a":1,"k":[{"o":{"x":0.33,"y":1},"i":{"x":0.68,"y":1},"s":[{"c":true,"i":[[0,0],[0.83,-0.26],[0.33,-0.82],[1.83,-0.92],[4.17,1.42],[0.89,0.83],[0.04,3.23],[-4.02,1.26],[-4.08,-3.62],[-0.09,-2.67],[-0.02,-0.09],[0,0]],"o":[[0.02,0.09],[-0.13,0.87],[-0.8,1.97],[-2.81,1.42],[-1.03,-0.35],[-1.73,-1.6],[-0.06,-4.83],[2.51,-0.78],[2.62,2.33],[0.61,0.27],[0,0],[0,0]],"v":[[28.01,11.07],[25.45,11.97],[24.74,14.53],[20.75,19.13],[5.98,20.04],[3.05,18.27],[0,10.98],[6.71,0.47],[21.66,3.12],[25.57,9.91],[28,11.07],[28.01,11.07]]}],"t":0},{"o":{"x":0.33,"y":1},"i":{"x":0.68,"y":1},"s":[{"c":true,"i":[[0,0],[0.83,-0.26],[0.33,-0.82],[1.83,-0.92],[4.17,1.42],[0.89,0.83],[0.04,3.23],[-4.02,1.26],[-4.08,-3.62],[-0.09,-2.67],[-0.02,-0.09],[0,0]],"o":[[0.02,0.09],[-0.13,0.87],[-0.8,1.97],[-2.81,1.42],[-1.03,-0.35],[-1.73,-1.6],[-0.06,-4.83],[2.51,-0.78],[2.62,2.33],[0.61,0.27],[0,0],[0,0]],"v":[[28.01,11.07],[25.45,11.97],[24.74,14.53],[20.75,19.13],[5.98,20.04],[3.05,18.27],[0,10.98],[6.71,0.47],[21.66,3.12],[25.57,9.91],[28,11.07],[28.01,11.07]]}],"t":60},{"s":[{"c":true,"i":[[0,0],[0.83,-0.26],[0.33,-0.82],[1.83,-0.92],[4.17,1.42],[0.89,0.83],[0.04,3.23],[-4.02,1.26],[-4.08,-3.62],[-0.09,-2.67],[-0.02,-0.09],[0,0]],"o":[[0.02,0.09],[-0.13,0.87],[-0.8,1.97],[-2.81,1.42],[-1.03,-0.35],[-1.73,-1.6],[-0.06,-4.83],[2.51,-0.78],[2.62,2.33],[0.61,0.27],[0,0],[0,0]],"v":[[28.01,11.07],[25.45,11.97],[24.74,14.53],[20.75,19.13],[5.98,20.04],[3.05,18.27],[0,10.98],[6.71,0.47],[21.66,3.12],[25.57,9.91],[28,11.07],[28.01,11.07]]}],"t":120}]}},{"ty":"fl","bm":0,"hd":false,"nm":"","c":{"a":1,"k":[{"o":{"x":0.33,"y":1},"i":{"x":0.68,"y":1},"s":[0.5725,0.302,0.0824],"t":0},{"o":{"x":0.33,"y":1},"i":{"x":0.68,"y":1},"s":[0.5725,0.302,0.0824],"t":60},{"s":[0.5725,0.302,0.0824],"t":120}]},"r":1,"o":{"a":1,"k":[{"o":{"x":0.33,"y":1},"i":{"x":0.68,"y":1},"s":[100],"t":0},{"o":{"x":0.33,"y":1},"i":{"x":0.68,"y":1},"s":[100],"t":60},{"s":[100],"t":120}]}}],"ind":15}]},{"nm":"[Asset] Group","id":"4","layers":[{"ty":0,"nm":"Group","sr":1,"st":0,"op":121,"ip":0,"hd":false,"ddd":0,"bm":0,"hasMask":false,"ao":0,"ks":{"a":{"a":1,"k":[{"o":{"x":0.33,"y":1},"i":{"x":0.68,"y":1},"s":[1.5,3.06],"t":0},{"o":{"x":0.33,"y":1},"i":{"x":0.68,"y":1},"s":[1.5,3.06],"t":60},{"s":[1.5,3.06],"t":120}]},"s":{"a":1,"k":[{"o":{"x":0.33,"y":1},"i":{"x":0.68,"y":1},"s":[100,100],"t":0},{"o":{"x":0.33,"y":1},"i":{"x":0.68,"y":1},"s":[100,100],"t":60},{"s":[100,100],"t":120}]},"sk":{"a":0,"k":0},"p":{"a":1,"k":[{"o":{"x":0.33,"y":1},"i":{"x":0.68,"y":1},"s":[3.21,5.89],"t":0},{"o":{"x":0.33,"y":1},"i":{"x":0.68,"y":1},"s":[3.21,5.89],"t":60},{"s":[3.21,5.89],"t":120}]},"r":{"a":1,"k":[{"o":{"x":0.33,"y":1},"i":{"x":0.68,"y":1},"s":[0],"t":0},{"o":{"x":0.33,"y":1},"i":{"x":0.68,"y":1},"s":[0],"t":60},{"s":[0],"t":120}]},"sa":{"a":0,"k":0},"o":{"a":1,"k":[{"o":{"x":0.33,"y":1},"i":{"x":0.68,"y":1},"s":[100],"t":0},{"o":{"x":0.33,"y":1},"i":{"x":0.68,"y":1},"s":[100],"t":60},{"s":[100],"t":120}]}},"ef":[],"w":42,"h":56,"refId":"5","ind":1},{"ty":4,"nm":"Vector","sr":1,"st":0,"op":121,"ip":0,"hd":false,"ddd":0,"bm":0,"hasMask":false,"ao":0,"ks":{"a":{"a":1,"k":[{"o":{"x":0.33,"y":1},"i":{"x":0.68,"y":1},"s":[3.02,4.42],"t":0},{"o":{"x":0.33,"y":1},"i":{"x":0.68,"y":1},"s":[3.02,4.42],"t":60},{"s":[3.02,4.42],"t":120}]},"s":{"a":1,"k":[{"o":{"x":0.33,"y":1},"i":{"x":0.68,"y":1},"s":[100,100],"t":0},{"o":{"x":0.33,"y":1},"i":{"x":0.68,"y":1},"s":[100,100],"t":60},{"s":[100,100],"t":120}]},"sk":{"a":0,"k":0},"p":{"a":1,"k":[{"o":{"x":0.33,"y":1},"i":{"x":0.68,"y":1},"s":[3.02,4.42],"t":0},{"o":{"x":0.33,"y":1},"i":{"x":0.68,"y":1},"s":[3.02,4.42],"t":60},{"s":[3.02,4.42],"t":120}]},"r":{"a":1,"k":[{"o":{"x":0.33,"y":1},"i":{"x":0.68,"y":1},"s":[0],"t":0},{"o":{"x":0.33,"y":1},"i":{"x":0.68,"y":1},"s":[0],"t":60},{"s":[0],"t":120}]},"sa":{"a":0,"k":0},"o":{"a":1,"k":[{"o":{"x":0.33,"y":1},"i":{"x":0.68,"y":1},"s":[34],"t":0},{"o":{"x":0.33,"y":1},"i":{"x":0.68,"y":1},"s":[34],"t":60},{"s":[34],"t":120}]}},"ef":[],"shapes":[{"ty":"sh","bm":0,"hd":false,"nm":"","d":1,"ks":{"a":1,"k":[{"o":{"x":0.33,"y":1},"i":{"x":0.68,"y":1},"s":[{"c":true,"i":[[0,0],[-0.26,2.62],[-1.98,-0.32],[0.35,-1.94],[1.29,-0.43],[0.34,0.06]],"o":[[-1.68,-0.3],[0.26,-2.62],[1.98,0.32],[-0.28,1.57],[-0.3,0.1],[0,0]],"v":[[2.51,8.8],[0.04,3.89],[3.63,0.04],[5.95,5],[3.47,8.74],[2.51,8.8]]}],"t":0},{"o":{"x":0.33,"y":1},"i":{"x":0.68,"y":1},"s":[{"c":true,"i":[[0,0],[-0.26,2.62],[-1.98,-0.32],[0.35,-1.94],[1.29,-0.43],[0.34,0.06]],"o":[[-1.68,-0.3],[0.26,-2.62],[1.98,0.32],[-0.28,1.57],[-0.3,0.1],[0,0]],"v":[[2.51,8.8],[0.04,3.89],[3.63,0.04],[5.95,5],[3.47,8.74],[2.51,8.8]]}],"t":60},{"s":[{"c":true,"i":[[0,0],[-0.26,2.62],[-1.98,-0.32],[0.35,-1.94],[1.29,-0.43],[0.34,0.06]],"o":[[-1.68,-0.3],[0.26,-2.62],[1.98,0.32],[-0.28,1.57],[-0.3,0.1],[0,0]],"v":[[2.51,8.8],[0.04,3.89],[3.63,0.04],[5.95,5],[3.47,8.74],[2.51,8.8]]}],"t":120}]}},{"ty":"st","bm":0,"hd":false,"nm":"","lc":1,"lj":1,"ml":10,"o":{"a":1,"k":[{"o":{"x":0.33,"y":1},"i":{"x":0.68,"y":1},"s":[100],"t":0},{"o":{"x":0.33,"y":1},"i":{"x":0.68,"y":1},"s":[100],"t":60},{"s":[100],"t":120}]},"w":{"a":1,"k":[{"o":{"x":0.33,"y":1},"i":{"x":0.68,"y":1},"s":[1],"t":0},{"o":{"x":0.33,"y":1},"i":{"x":0.68,"y":1},"s":[1],"t":60},{"s":[1],"t":120}]},"c":{"a":1,"k":[{"o":{"x":0.33,"y":1},"i":{"x":0.68,"y":1},"s":[1,1,1],"t":0},{"o":{"x":0.33,"y":1},"i":{"x":0.68,"y":1},"s":[1,1,1],"t":60},{"s":[1,1,1],"t":120}]}},{"ty":"fl","bm":0,"hd":false,"nm":"","c":{"a":1,"k":[{"o":{"x":0.33,"y":1},"i":{"x":0.68,"y":1},"s":[1,1,1],"t":0},{"o":{"x":0.33,"y":1},"i":{"x":0.68,"y":1},"s":[1,1,1],"t":60},{"s":[1,1,1],"t":120}]},"r":1,"o":{"a":1,"k":[{"o":{"x":0.33,"y":1},"i":{"x":0.68,"y":1},"s":[100],"t":0},{"o":{"x":0.33,"y":1},"i":{"x":0.68,"y":1},"s":[100],"t":60},{"s":[100],"t":120}]}}],"ind":2}]},{"nm":"[Asset] Group","id":"5","layers":[{"ty":4,"nm":"Vector","sr":1,"st":0,"op":121,"ip":0,"hd":false,"ddd":0,"bm":0,"hasMask":false,"ao":0,"ks":{"a":{"a":1,"k":[{"o":{"x":0.33,"y":1},"i":{"x":0.68,"y":1},"s":[0.39,3.03],"t":0},{"o":{"x":0.33,"y":1},"i":{"x":0.68,"y":1},"s":[0.39,3.03],"t":60},{"s":[0.39,3.03],"t":120}]},"s":{"a":1,"k":[{"o":{"x":0.33,"y":1},"i":{"x":0.68,"y":1},"s":[100,100],"t":0},{"o":{"x":0.33,"y":1},"i":{"x":0.68,"y":1},"s":[100,100],"t":60},{"s":[100,100],"t":120}]},"sk":{"a":0,"k":0},"p":{"a":1,"k":[{"o":{"x":0.33,"y":1},"i":{"x":0.68,"y":1},"s":[1.71,3.03],"t":0},{"o":{"x":0.33,"y":1},"i":{"x":0.68,"y":1},"s":[1.71,3.03],"t":60},{"s":[1.71,3.03],"t":120}]},"r":{"a":1,"k":[{"o":{"x":0.33,"y":1},"i":{"x":0.68,"y":1},"s":[0],"t":0},{"o":{"x":0.33,"y":1},"i":{"x":0.68,"y":1},"s":[0],"t":60},{"s":[0],"t":120}]},"sa":{"a":0,"k":0},"o":{"a":1,"k":[{"o":{"x":0.33,"y":1},"i":{"x":0.68,"y":1},"s":[100],"t":0},{"o":{"x":0.33,"y":1},"i":{"x":0.68,"y":1},"s":[100],"t":60},{"s":[100],"t":120}]}},"ef":[],"shapes":[{"ty":"sh","bm":0,"hd":false,"nm":"","d":1,"ks":{"a":1,"k":[{"o":{"x":0.33,"y":1},"i":{"x":0.68,"y":1},"s":[{"c":true,"i":[[0,0],[-1.19,-1.09],[-0.36,1.47]],"o":[[-0.22,1.48],[-1.32,-1.05],[0,0]],"v":[[0.51,0],[0.78,6.05],[0.51,0]]}],"t":0},{"o":{"x":0.33,"y":1},"i":{"x":0.68,"y":1},"s":[{"c":true,"i":[[0,0],[-1.19,-1.09],[-0.36,1.47]],"o":[[-0.22,1.48],[-1.32,-1.05],[0,0]],"v":[[0.51,0],[0.78,6.05],[0.51,0]]}],"t":60},{"s":[{"c":true,"i":[[0,0],[-1.19,-1.09],[-0.36,1.47]],"o":[[-0.22,1.48],[-1.32,-1.05],[0,0]],"v":[[0.51,0],[0.78,6.05],[0.51,0]]}],"t":120}]}},{"ty":"fl","bm":0,"hd":false,"nm":"","c":{"a":1,"k":[{"o":{"x":0.33,"y":1},"i":{"x":0.68,"y":1},"s":[1,1,1],"t":0},{"o":{"x":0.33,"y":1},"i":{"x":0.68,"y":1},"s":[1,1,1],"t":60},{"s":[1,1,1],"t":120}]},"r":1,"o":{"a":1,"k":[{"o":{"x":0.33,"y":1},"i":{"x":0.68,"y":1},"s":[100],"t":0},{"o":{"x":0.33,"y":1},"i":{"x":0.68,"y":1},"s":[100],"t":60},{"s":[100],"t":120}]}}],"ind":1},{"ty":4,"nm":"Vector","sr":1,"st":0,"op":121,"ip":0,"hd":false,"ddd":0,"bm":0,"hasMask":false,"ao":0,"ks":{"a":{"a":1,"k":[{"o":{"x":0.33,"y":1},"i":{"x":0.68,"y":1},"s":[0.99,2.91],"t":0},{"o":{"x":0.33,"y":1},"i":{"x":0.68,"y":1},"s":[0.99,2.91],"t":60},{"s":[0.99,2.91],"t":120}]},"s":{"a":1,"k":[{"o":{"x":0.33,"y":1},"i":{"x":0.68,"y":1},"s":[100,100],"t":0},{"o":{"x":0.33,"y":1},"i":{"x":0.68,"y":1},"s":[100,100],"t":60},{"s":[100,100],"t":120}]},"sk":{"a":0,"k":0},"p":{"a":1,"k":[{"o":{"x":0.33,"y":1},"i":{"x":0.68,"y":1},"s":[0.99,3.22],"t":0},{"o":{"x":0.33,"y":1},"i":{"x":0.68,"y":1},"s":[0.99,3.22],"t":60},{"s":[0.99,3.22],"t":120}]},"r":{"a":1,"k":[{"o":{"x":0.33,"y":1},"i":{"x":0.68,"y":1},"s":[0],"t":0},{"o":{"x":0.33,"y":1},"i":{"x":0.68,"y":1},"s":[0],"t":60},{"s":[0],"t":120}]},"sa":{"a":0,"k":0},"o":{"a":1,"k":[{"o":{"x":0.33,"y":1},"i":{"x":0.68,"y":1},"s":[100],"t":0},{"o":{"x":0.33,"y":1},"i":{"x":0.68,"y":1},"s":[100],"t":60},{"s":[100],"t":120}]}},"ef":[],"shapes":[{"ty":"sh","bm":0,"hd":false,"nm":"","d":1,"ks":{"a":1,"k":[{"o":{"x":0.33,"y":1},"i":{"x":0.68,"y":1},"s":[{"c":true,"i":[[0,0],[-1.46,-0.68],[0.04,1.52]],"o":[[0.17,1.48],[-1.58,-0.63],[0,0]],"v":[[0,0],[1.99,5.82],[0,0]]}],"t":0},{"o":{"x":0.33,"y":1},"i":{"x":0.68,"y":1},"s":[{"c":true,"i":[[0,0],[-1.46,-0.68],[0.04,1.52]],"o":[[0.17,1.48],[-1.58,-0.63],[0,0]],"v":[[0,0],[1.99,5.82],[0,0]]}],"t":60},{"s":[{"c":true,"i":[[0,0],[-1.46,-0.68],[0.04,1.52]],"o":[[0.17,1.48],[-1.58,-0.63],[0,0]],"v":[[0,0],[1.99,5.82],[0,0]]}],"t":120}]}},{"ty":"fl","bm":0,"hd":false,"nm":"","c":{"a":1,"k":[{"o":{"x":0.33,"y":1},"i":{"x":0.68,"y":1},"s":[1,1,1],"t":0},{"o":{"x":0.33,"y":1},"i":{"x":0.68,"y":1},"s":[1,1,1],"t":60},{"s":[1,1,1],"t":120}]},"r":1,"o":{"a":1,"k":[{"o":{"x":0.33,"y":1},"i":{"x":0.68,"y":1},"s":[100],"t":0},{"o":{"x":0.33,"y":1},"i":{"x":0.68,"y":1},"s":[100],"t":60},{"s":[100],"t":120}]}}],"ind":2},{"ty":4,"nm":"Vector","sr":1,"st":0,"op":121,"ip":0,"hd":false,"ddd":0,"bm":0,"hasMask":false,"ao":0,"ks":{"a":{"a":1,"k":[{"o":{"x":0.33,"y":1},"i":{"x":0.68,"y":1},"s":[0.41,2.49],"t":0},{"o":{"x":0.33,"y":1},"i":{"x":0.68,"y":1},"s":[0.41,2.49],"t":60},{"s":[0.41,2.49],"t":120}]},"s":{"a":1,"k":[{"o":{"x":0.33,"y":1},"i":{"x":0.68,"y":1},"s":[100,100],"t":0},{"o":{"x":0.33,"y":1},"i":{"x":0.68,"y":1},"s":[100,100],"t":60},{"s":[100,100],"t":120}]},"sk":{"a":0,"k":0},"p":{"a":1,"k":[{"o":{"x":0.33,"y":1},"i":{"x":0.68,"y":1},"s":[2.59,3.58],"t":0},{"o":{"x":0.33,"y":1},"i":{"x":0.68,"y":1},"s":[2.59,3.58],"t":60},{"s":[2.59,3.58],"t":120}]},"r":{"a":1,"k":[{"o":{"x":0.33,"y":1},"i":{"x":0.68,"y":1},"s":[0],"t":0},{"o":{"x":0.33,"y":1},"i":{"x":0.68,"y":1},"s":[0],"t":60},{"s":[0],"t":120}]},"sa":{"a":0,"k":0},"o":{"a":1,"k":[{"o":{"x":0.33,"y":1},"i":{"x":0.68,"y":1},"s":[100],"t":0},{"o":{"x":0.33,"y":1},"i":{"x":0.68,"y":1},"s":[100],"t":60},{"s":[100],"t":120}]}},"ef":[],"shapes":[{"ty":"sh","bm":0,"hd":false,"nm":"","d":1,"ks":{"a":1,"k":[{"o":{"x":0.33,"y":1},"i":{"x":0.68,"y":1},"s":[{"c":true,"i":[[0,0],[0.25,-1.37],[0,0],[-0.12,0.83],[-0.23,0.81],[0,0]],"o":[[-0.23,1.37],[0,0],[0.07,-0.84],[0.14,-0.83],[0,0],[0,0]],"v":[[0.81,0],[0.11,4.36],[0,4.98],[0.32,2.48],[0.81,0],[0.81,0]]}],"t":0},{"o":{"x":0.33,"y":1},"i":{"x":0.68,"y":1},"s":[{"c":true,"i":[[0,0],[0.25,-1.37],[0,0],[-0.12,0.83],[-0.23,0.81],[0,0]],"o":[[-0.23,1.37],[0,0],[0.07,-0.84],[0.14,-0.83],[0,0],[0,0]],"v":[[0.81,0],[0.11,4.36],[0,4.98],[0.32,2.48],[0.81,0],[0.81,0]]}],"t":60},{"s":[{"c":true,"i":[[0,0],[0.25,-1.37],[0,0],[-0.12,0.83],[-0.23,0.81],[0,0]],"o":[[-0.23,1.37],[0,0],[0.07,-0.84],[0.14,-0.83],[0,0],[0,0]],"v":[[0.81,0],[0.11,4.36],[0,4.98],[0.32,2.48],[0.81,0],[0.81,0]]}],"t":120}]}},{"ty":"fl","bm":0,"hd":false,"nm":"","c":{"a":1,"k":[{"o":{"x":0.33,"y":1},"i":{"x":0.68,"y":1},"s":[1,1,1],"t":0},{"o":{"x":0.33,"y":1},"i":{"x":0.68,"y":1},"s":[1,1,1],"t":60},{"s":[1,1,1],"t":120}]},"r":1,"o":{"a":1,"k":[{"o":{"x":0.33,"y":1},"i":{"x":0.68,"y":1},"s":[100],"t":0},{"o":{"x":0.33,"y":1},"i":{"x":0.68,"y":1},"s":[100],"t":60},{"s":[100],"t":120}]}}],"ind":3}]}]}