{"nm":"Frame 57","ddd":0,"h":155,"w":116,"meta":{"g":"LottieFiles Figma v55"},"layers":[{"ty":0,"nm":"Fichier 7 1","sr":1,"st":0,"op":121,"ip":0,"hd":false,"ddd":0,"bm":0,"hasMask":true,"ao":0,"ks":{"a":{"a":1,"k":[{"o":{"x":0.33,"y":1},"i":{"x":0.68,"y":1},"s":[50.7,71.2],"t":0},{"o":{"x":0.33,"y":1},"i":{"x":0.68,"y":1},"s":[50.7,71.2],"t":60},{"s":[50.7,71.2],"t":120}]},"s":{"a":1,"k":[{"o":{"x":0.33,"y":1},"i":{"x":0.68,"y":1},"s":[100,100],"t":0},{"o":{"x":0.33,"y":1},"i":{"x":0.68,"y":1},"s":[100,100],"t":60},{"s":[100,100],"t":120}]},"sk":{"a":0,"k":0},"p":{"a":1,"k":[{"o":{"x":0.33,"y":1},"i":{"x":0.68,"y":1},"s":[57.7,78.2],"t":0},{"o":{"x":0.33,"y":1},"i":{"x":0.68,"y":1},"s":[57.7,78.2],"t":60},{"s":[57.7,78.2],"t":120}]},"r":{"a":1,"k":[{"o":{"x":0.33,"y":1},"i":{"x":0.68,"y":1},"s":[0],"t":0},{"o":{"x":0.33,"y":1},"i":{"x":0.68,"y":1},"s":[0],"t":60},{"s":[0],"t":120}]},"sa":{"a":0,"k":0},"o":{"a":1,"k":[{"o":{"x":0.33,"y":1},"i":{"x":0.68,"y":1},"s":[100],"t":0},{"o":{"x":0.33,"y":1},"i":{"x":0.68,"y":1},"s":[100],"t":60},{"s":[100],"t":120}]}},"masksProperties":[{"nm":"","inv":false,"mode":"a","x":{"a":0,"k":0},"o":{"a":0,"k":100},"pt":{"a":1,"k":[{"o":{"x":0.33,"y":1},"i":{"x":0.68,"y":1},"s":[{"c":true,"i":[[0,0],[0,0],[0,0],[0,0]],"o":[[0,0],[0,0],[0,0],[0,0]],"v":[[101.4,0],[101.4,142.4],[0,142.4],[0,0]]}],"t":0},{"o":{"x":0.33,"y":1},"i":{"x":0.68,"y":1},"s":[{"c":true,"i":[[0,0],[0,0],[0,0],[0,0]],"o":[[0,0],[0,0],[0,0],[0,0]],"v":[[101.4,0],[101.4,142.4],[0,142.4],[0,0]]}],"t":60},{"s":[{"c":true,"i":[[0,0],[0,0],[0,0],[0,0]],"o":[[0,0],[0,0],[0,0],[0,0]],"v":[[101.4,0],[101.4,142.4],[0,142.4],[0,0]]}],"t":120}]}}],"w":116,"h":155,"refId":"1","ind":1}],"v":"5.7.0","fr":60,"op":120,"ip":0,"assets":[{"nm":"[Asset] Fichier 7 1","id":"1","layers":[{"ty":0,"nm":"Calque_4","sr":1,"st":0,"op":121,"ip":0,"hd":false,"ddd":0,"bm":0,"hasMask":false,"ao":0,"ks":{"a":{"a":1,"k":[{"o":{"x":0.33,"y":1},"i":{"x":0.68,"y":1},"s":[50.8,71.3],"t":0},{"o":{"x":0.33,"y":1},"i":{"x":0.68,"y":1},"s":[50.8,70.03],"t":60},{"s":[50.8,71.3],"t":120}]},"s":{"a":1,"k":[{"o":{"x":0.33,"y":1},"i":{"x":0.68,"y":1},"s":[100,100],"t":0},{"o":{"x":0.33,"y":1},"i":{"x":0.68,"y":1},"s":[100,100],"t":60},{"s":[100,100],"t":120}]},"sk":{"a":0,"k":0},"p":{"a":1,"k":[{"o":{"x":0.33,"y":1},"i":{"x":0.68,"y":1},"s":[50.8,71.3],"t":0},{"o":{"x":0.33,"y":1},"i":{"x":0.68,"y":1},"s":[50.7,72.57],"t":60},{"s":[50.8,71.3],"t":120}]},"r":{"a":1,"k":[{"o":{"x":0.33,"y":1},"i":{"x":0.68,"y":1},"s":[0],"t":0},{"o":{"x":0.33,"y":1},"i":{"x":0.68,"y":1},"s":[0],"t":60},{"s":[0],"t":120}]},"sa":{"a":0,"k":0},"o":{"a":1,"k":[{"o":{"x":0.33,"y":1},"i":{"x":0.68,"y":1},"s":[100],"t":0},{"o":{"x":0.33,"y":1},"i":{"x":0.68,"y":1},"s":[100],"t":60},{"s":[100],"t":120}]}},"ef":[],"w":116,"h":155,"refId":"2","ind":1},{"ty":4,"nm":"Fichier 7 1 Bg","sr":1,"st":0,"op":121,"ip":0,"hd":false,"ddd":0,"bm":0,"hasMask":false,"ao":0,"ks":{"a":{"a":1,"k":[{"o":{"x":0.33,"y":1},"i":{"x":0.68,"y":1},"s":[50.7,71.2],"t":0},{"o":{"x":0.33,"y":1},"i":{"x":0.68,"y":1},"s":[50.7,71.2],"t":60},{"s":[50.7,71.2],"t":120}]},"s":{"a":1,"k":[{"o":{"x":0.33,"y":1},"i":{"x":0.68,"y":1},"s":[100,100],"t":0},{"o":{"x":0.33,"y":1},"i":{"x":0.68,"y":1},"s":[100,100],"t":60},{"s":[100,100],"t":120}]},"sk":{"a":0,"k":0},"p":{"a":1,"k":[{"o":{"x":0.33,"y":1},"i":{"x":0.68,"y":1},"s":[50.7,71.2],"t":0},{"o":{"x":0.33,"y":1},"i":{"x":0.68,"y":1},"s":[50.7,71.2],"t":60},{"s":[50.7,71.2],"t":120}]},"r":{"a":1,"k":[{"o":{"x":0.33,"y":1},"i":{"x":0.68,"y":1},"s":[0],"t":0},{"o":{"x":0.33,"y":1},"i":{"x":0.68,"y":1},"s":[0],"t":60},{"s":[0],"t":120}]},"sa":{"a":0,"k":0},"o":{"a":1,"k":[{"o":{"x":0.33,"y":1},"i":{"x":0.68,"y":1},"s":[100],"t":0},{"o":{"x":0.33,"y":1},"i":{"x":0.68,"y":1},"s":[100],"t":60},{"s":[100],"t":120}]}},"ef":[],"shapes":[{"ty":"sh","bm":0,"hd":false,"nm":"","d":1,"ks":{"a":1,"k":[{"o":{"x":0.33,"y":1},"i":{"x":0.68,"y":1},"s":[{"c":true,"i":[[0,0],[0,0],[0,0],[0,0]],"o":[[0,0],[0,0],[0,0],[0,0]],"v":[[101.4,0],[101.4,142.4],[0,142.4],[0,0]]}],"t":0},{"o":{"x":0.33,"y":1},"i":{"x":0.68,"y":1},"s":[{"c":true,"i":[[0,0],[0,0],[0,0],[0,0]],"o":[[0,0],[0,0],[0,0],[0,0]],"v":[[101.4,0],[101.4,142.4],[0,142.4],[0,0]]}],"t":60},{"s":[{"c":true,"i":[[0,0],[0,0],[0,0],[0,0]],"o":[[0,0],[0,0],[0,0],[0,0]],"v":[[101.4,0],[101.4,142.4],[0,142.4],[0,0]]}],"t":120}]}},{"ty":"fl","bm":0,"hd":false,"nm":"","c":{"a":1,"k":[{"o":{"x":0.33,"y":1},"i":{"x":0.68,"y":1},"s":[1,1,1],"t":0},{"o":{"x":0.33,"y":1},"i":{"x":0.68,"y":1},"s":[1,1,1],"t":60},{"s":[1,1,1],"t":120}]},"r":1,"o":{"a":1,"k":[{"o":{"x":0.33,"y":1},"i":{"x":0.68,"y":1},"s":[0],"t":0},{"o":{"x":0.33,"y":1},"i":{"x":0.68,"y":1},"s":[0],"t":60},{"s":[0],"t":120}]}}],"ind":2}]},{"nm":"[Asset] Calque_4","id":"2","layers":[{"ty":0,"nm":"Fox_5_Vector","sr":1,"st":0,"op":121,"ip":0,"hd":false,"ddd":0,"bm":0,"hasMask":false,"ao":0,"ks":{"a":{"a":1,"k":[{"o":{"x":0.33,"y":1},"i":{"x":0.68,"y":1},"s":[50.8,71.3],"t":0},{"o":{"x":0.33,"y":1},"i":{"x":0.68,"y":1},"s":[50.8,70.03],"t":60},{"s":[50.8,71.3],"t":120}]},"s":{"a":1,"k":[{"o":{"x":0.33,"y":1},"i":{"x":0.68,"y":1},"s":[100,100],"t":0},{"o":{"x":0.33,"y":1},"i":{"x":0.68,"y":1},"s":[100,100],"t":60},{"s":[100,100],"t":120}]},"sk":{"a":0,"k":0},"p":{"a":1,"k":[{"o":{"x":0.33,"y":1},"i":{"x":0.68,"y":1},"s":[50.8,71.3],"t":0},{"o":{"x":0.33,"y":1},"i":{"x":0.68,"y":1},"s":[50.8,70.03],"t":60},{"s":[50.8,71.3],"t":120}]},"r":{"a":1,"k":[{"o":{"x":0.33,"y":1},"i":{"x":0.68,"y":1},"s":[0],"t":0},{"o":{"x":0.33,"y":1},"i":{"x":0.68,"y":1},"s":[0],"t":60},{"s":[0],"t":120}]},"sa":{"a":0,"k":0},"o":{"a":1,"k":[{"o":{"x":0.33,"y":1},"i":{"x":0.68,"y":1},"s":[100],"t":0},{"o":{"x":0.33,"y":1},"i":{"x":0.68,"y":1},"s":[100],"t":60},{"s":[100],"t":120}]}},"ef":[],"w":116,"h":155,"refId":"3","ind":1}]},{"nm":"[Asset] Fox_5_Vector","id":"3","layers":[{"ty":0,"nm":"Fox_5_Trait_Naturel","sr":1,"st":0,"op":121,"ip":0,"hd":false,"ddd":0,"bm":0,"hasMask":false,"ao":0,"ks":{"a":{"a":1,"k":[{"o":{"x":0.33,"y":1},"i":{"x":0.68,"y":1},"s":[31.2,58.08],"t":0},{"o":{"x":0.33,"y":1},"i":{"x":0.68,"y":1},"s":[41.56,57.18],"t":60},{"s":[31.2,58.08],"t":120}]},"s":{"a":1,"k":[{"o":{"x":0.33,"y":1},"i":{"x":0.68,"y":1},"s":[100,100],"t":0},{"o":{"x":0.33,"y":1},"i":{"x":0.68,"y":1},"s":[100,100],"t":60},{"s":[100,100],"t":120}]},"sk":{"a":0,"k":0},"p":{"a":1,"k":[{"o":{"x":0.33,"y":1},"i":{"x":0.68,"y":1},"s":[38.7,61.28],"t":0},{"o":{"x":0.33,"y":1},"i":{"x":0.68,"y":1},"s":[42.66,59.63],"t":60},{"s":[38.7,61.28],"t":120}]},"r":{"a":1,"k":[{"o":{"x":0.33,"y":1},"i":{"x":0.68,"y":1},"s":[0],"t":0},{"o":{"x":0.33,"y":1},"i":{"x":0.68,"y":1},"s":[0],"t":60},{"s":[0],"t":120}]},"sa":{"a":0,"k":0},"o":{"a":1,"k":[{"o":{"x":0.33,"y":1},"i":{"x":0.68,"y":1},"s":[100],"t":0},{"o":{"x":0.33,"y":1},"i":{"x":0.68,"y":1},"s":[100],"t":60},{"s":[100],"t":120}]}},"ef":[],"w":116,"h":155,"refId":"4","ind":1},{"ty":0,"nm":"Fox_5_Couleur","sr":1,"st":0,"op":121,"ip":0,"hd":false,"ddd":0,"bm":0,"hasMask":false,"ao":0,"ks":{"a":{"a":1,"k":[{"o":{"x":0.33,"y":1},"i":{"x":0.68,"y":1},"s":[50.8,71.3],"t":0},{"o":{"x":0.33,"y":1},"i":{"x":0.68,"y":1},"s":[50.8,70.03],"t":60},{"s":[50.8,71.3],"t":120}]},"s":{"a":1,"k":[{"o":{"x":0.33,"y":1},"i":{"x":0.68,"y":1},"s":[100,100],"t":0},{"o":{"x":0.33,"y":1},"i":{"x":0.68,"y":1},"s":[100,100],"t":60},{"s":[100,100],"t":120}]},"sk":{"a":0,"k":0},"p":{"a":1,"k":[{"o":{"x":0.33,"y":1},"i":{"x":0.68,"y":1},"s":[50.8,71.3],"t":0},{"o":{"x":0.33,"y":1},"i":{"x":0.68,"y":1},"s":[50.8,70.03],"t":60},{"s":[50.8,71.3],"t":120}]},"r":{"a":1,"k":[{"o":{"x":0.33,"y":1},"i":{"x":0.68,"y":1},"s":[0],"t":0},{"o":{"x":0.33,"y":1},"i":{"x":0.68,"y":1},"s":[0],"t":60},{"s":[0],"t":120}]},"sa":{"a":0,"k":0},"o":{"a":1,"k":[{"o":{"x":0.33,"y":1},"i":{"x":0.68,"y":1},"s":[100],"t":0},{"o":{"x":0.33,"y":1},"i":{"x":0.68,"y":1},"s":[100],"t":60},{"s":[100],"t":120}]}},"ef":[],"w":116,"h":155,"refId":"6","ind":2}]},{"nm":"[Asset] Fox_5_Trait_Naturel","id":"4","layers":[{"ty":0,"nm":"Corps-2","sr":1,"st":0,"op":121,"ip":0,"hd":false,"ddd":0,"bm":0,"hasMask":false,"ao":0,"ks":{"a":{"a":1,"k":[{"o":{"x":0.33,"y":1},"i":{"x":0.68,"y":1},"s":[31.2,58.08],"t":0},{"o":{"x":0.33,"y":1},"i":{"x":0.68,"y":1},"s":[41.56,57.18],"t":60},{"s":[31.2,58.08],"t":120}]},"s":{"a":1,"k":[{"o":{"x":0.33,"y":1},"i":{"x":0.68,"y":1},"s":[100,100],"t":0},{"o":{"x":0.33,"y":1},"i":{"x":0.68,"y":1},"s":[100,100],"t":60},{"s":[100,100],"t":120}]},"sk":{"a":0,"k":0},"p":{"a":1,"k":[{"o":{"x":0.33,"y":1},"i":{"x":0.68,"y":1},"s":[31.2,58.08],"t":0},{"o":{"x":0.33,"y":1},"i":{"x":0.68,"y":1},"s":[41.56,57.18],"t":60},{"s":[31.2,58.08],"t":120}]},"r":{"a":1,"k":[{"o":{"x":0.33,"y":1},"i":{"x":0.68,"y":1},"s":[0],"t":0},{"o":{"x":0.33,"y":1},"i":{"x":0.68,"y":1},"s":[0],"t":60},{"s":[0],"t":120}]},"sa":{"a":0,"k":0},"o":{"a":1,"k":[{"o":{"x":0.33,"y":1},"i":{"x":0.68,"y":1},"s":[100],"t":0},{"o":{"x":0.33,"y":1},"i":{"x":0.68,"y":1},"s":[100],"t":60},{"s":[100],"t":120}]}},"ef":[],"w":116,"h":155,"refId":"5","ind":1}]},{"nm":"[Asset] Corps-2","id":"5","layers":[{"ty":4,"nm":"Vector","sr":1,"st":0,"op":121,"ip":0,"hd":false,"ddd":0,"bm":0,"hasMask":false,"ao":0,"ks":{"a":{"a":1,"k":[{"o":{"x":0.33,"y":1},"i":{"x":0.68,"y":1},"s":[0.99,9.7],"t":0},{"o":{"x":0.33,"y":1},"i":{"x":0.68,"y":1},"s":[0.99,9.7],"t":60},{"s":[0.99,9.7],"t":120}]},"s":{"a":1,"k":[{"o":{"x":0.33,"y":1},"i":{"x":0.68,"y":1},"s":[100,100],"t":0},{"o":{"x":0.33,"y":1},"i":{"x":0.68,"y":1},"s":[100,100],"t":60},{"s":[100,100],"t":120}]},"sk":{"a":0,"k":0},"p":{"a":1,"k":[{"o":{"x":0.33,"y":1},"i":{"x":0.68,"y":1},"s":[40.21,98.2],"t":0},{"o":{"x":0.33,"y":1},"i":{"x":0.68,"y":1},"s":[46.71,96.4],"t":60},{"s":[40.21,98.2],"t":120}]},"r":{"a":1,"k":[{"o":{"x":0.33,"y":1},"i":{"x":0.68,"y":1},"s":[0],"t":0},{"o":{"x":0.33,"y":1},"i":{"x":0.68,"y":1},"s":[0],"t":60},{"s":[0],"t":120}]},"sa":{"a":0,"k":0},"o":{"a":1,"k":[{"o":{"x":0.33,"y":1},"i":{"x":0.68,"y":1},"s":[100],"t":0},{"o":{"x":0.33,"y":1},"i":{"x":0.68,"y":1},"s":[100],"t":60},{"s":[100],"t":120}]}},"ef":[],"shapes":[{"ty":"sh","bm":0,"hd":false,"nm":"","d":1,"ks":{"a":1,"k":[{"o":{"x":0.33,"y":1},"i":{"x":0.68,"y":1},"s":[{"c":true,"i":[[0,0],[-1.8,7.1],[0,0],[0,-0.1],[0,0]],"o":[[-0.1,-0.5],[0,0],[-1.7,6.9],[0,0],[0,0]],"v":[[0.97,19.4],[0.77,0],[1.77,0.2],[1.97,19.2],[0.97,19.4]]}],"t":0},{"o":{"x":0.33,"y":1},"i":{"x":0.68,"y":1},"s":[{"c":true,"i":[[0,0],[-1.8,7.1],[0,0],[0,-0.1],[0,0]],"o":[[-0.1,-0.5],[0,0],[-1.7,6.9],[0,0],[0,0]],"v":[[0.97,19.4],[0.77,0],[1.77,0.2],[1.97,19.2],[0.97,19.4]]}],"t":60},{"s":[{"c":true,"i":[[0,0],[-1.8,7.1],[0,0],[0,-0.1],[0,0]],"o":[[-0.1,-0.5],[0,0],[-1.7,6.9],[0,0],[0,0]],"v":[[0.97,19.4],[0.77,0],[1.77,0.2],[1.97,19.2],[0.97,19.4]]}],"t":120}]}},{"ty":"fl","bm":0,"hd":false,"nm":"","c":{"a":1,"k":[{"o":{"x":0.33,"y":1},"i":{"x":0.68,"y":1},"s":[0.7294,0.4431,0.1765],"t":0},{"o":{"x":0.33,"y":1},"i":{"x":0.68,"y":1},"s":[0.7294,0.4431,0.1765],"t":60},{"s":[0.7294,0.4431,0.1765],"t":120}]},"r":1,"o":{"a":1,"k":[{"o":{"x":0.33,"y":1},"i":{"x":0.68,"y":1},"s":[100],"t":0},{"o":{"x":0.33,"y":1},"i":{"x":0.68,"y":1},"s":[100],"t":60},{"s":[100],"t":120}]}}],"ind":1},{"ty":4,"nm":"Vector","sr":1,"st":0,"op":121,"ip":0,"hd":false,"ddd":0,"bm":0,"hasMask":false,"ao":0,"ks":{"a":{"a":1,"k":[{"o":{"x":0.33,"y":1},"i":{"x":0.68,"y":1},"s":[10.59,7.45],"t":0},{"o":{"x":0.33,"y":1},"i":{"x":0.68,"y":1},"s":[10.59,7.45],"t":60},{"s":[10.59,7.45],"t":120}]},"s":{"a":1,"k":[{"o":{"x":0.33,"y":1},"i":{"x":0.68,"y":1},"s":[100,100],"t":0},{"o":{"x":0.33,"y":1},"i":{"x":0.68,"y":1},"s":[100,100],"t":60},{"s":[100,100],"t":120}]},"sk":{"a":0,"k":0},"p":{"a":1,"k":[{"o":{"x":0.33,"y":1},"i":{"x":0.68,"y":1},"s":[26.51,63.65],"t":0},{"o":{"x":0.33,"y":1},"i":{"x":0.68,"y":1},"s":[33.01,61.85],"t":60},{"s":[26.51,63.65],"t":120}]},"r":{"a":1,"k":[{"o":{"x":0.33,"y":1},"i":{"x":0.68,"y":1},"s":[0],"t":0},{"o":{"x":0.33,"y":1},"i":{"x":0.68,"y":1},"s":[0],"t":60},{"s":[0],"t":120}]},"sa":{"a":0,"k":0},"o":{"a":1,"k":[{"o":{"x":0.33,"y":1},"i":{"x":0.68,"y":1},"s":[100],"t":0},{"o":{"x":0.33,"y":1},"i":{"x":0.68,"y":1},"s":[100],"t":60},{"s":[100],"t":120}]}},"ef":[],"shapes":[{"ty":"sh","bm":0,"hd":false,"nm":"","d":1,"ks":{"a":1,"k":[{"o":{"x":0.33,"y":1},"i":{"x":0.68,"y":1},"s":[{"c":true,"i":[[0,0],[2.1,-2.6],[-3.6,-1.1],[-3.5,2.1],[-2.1,2.6],[2.8,-1.8],[4.3,1.1],[-1.3,1.8],[-0.9,3.2]],"o":[[-0.7,3.2],[-1,1.5],[4.1,1.1],[2.8,-1.8],[-2,2.7],[-3.5,2.3],[-4.1,-1.3],[2,-2.6],[0,0]],"v":[[7.48,0],[3.38,9],[1.88,14.2],[13.38,11.1],[21.18,5],[13.58,11.3],[1.78,14.6],[3.08,8.8],[7.48,0]]}],"t":0},{"o":{"x":0.33,"y":1},"i":{"x":0.68,"y":1},"s":[{"c":true,"i":[[0,0],[2.1,-2.6],[-3.6,-1.1],[-3.5,2.1],[-2.1,2.6],[2.8,-1.8],[4.3,1.1],[-1.3,1.8],[-0.9,3.2]],"o":[[-0.7,3.2],[-1,1.5],[4.1,1.1],[2.8,-1.8],[-2,2.7],[-3.5,2.3],[-4.1,-1.3],[2,-2.6],[0,0]],"v":[[7.48,0],[3.38,9],[1.88,14.2],[13.38,11.1],[21.18,5],[13.58,11.3],[1.78,14.6],[3.08,8.8],[7.48,0]]}],"t":60},{"s":[{"c":true,"i":[[0,0],[2.1,-2.6],[-3.6,-1.1],[-3.5,2.1],[-2.1,2.6],[2.8,-1.8],[4.3,1.1],[-1.3,1.8],[-0.9,3.2]],"o":[[-0.7,3.2],[-1,1.5],[4.1,1.1],[2.8,-1.8],[-2,2.7],[-3.5,2.3],[-4.1,-1.3],[2,-2.6],[0,0]],"v":[[7.48,0],[3.38,9],[1.88,14.2],[13.38,11.1],[21.18,5],[13.58,11.3],[1.78,14.6],[3.08,8.8],[7.48,0]]}],"t":120}]}},{"ty":"fl","bm":0,"hd":false,"nm":"","c":{"a":1,"k":[{"o":{"x":0.33,"y":1},"i":{"x":0.68,"y":1},"s":[0.7294,0.4431,0.1765],"t":0},{"o":{"x":0.33,"y":1},"i":{"x":0.68,"y":1},"s":[0.7294,0.4431,0.1765],"t":60},{"s":[0.7294,0.4431,0.1765],"t":120}]},"r":1,"o":{"a":1,"k":[{"o":{"x":0.33,"y":1},"i":{"x":0.68,"y":1},"s":[100],"t":0},{"o":{"x":0.33,"y":1},"i":{"x":0.68,"y":1},"s":[100],"t":60},{"s":[100],"t":120}]}}],"ind":2},{"ty":4,"nm":"Vector","sr":1,"st":0,"op":121,"ip":0,"hd":false,"ddd":0,"bm":0,"hasMask":false,"ao":0,"ks":{"a":{"a":1,"k":[{"o":{"x":0.33,"y":1},"i":{"x":0.68,"y":1},"s":[8.33,10.66],"t":0},{"o":{"x":0.33,"y":1},"i":{"x":0.68,"y":1},"s":[8.33,10.66],"t":60},{"s":[8.33,10.66],"t":120}]},"s":{"a":1,"k":[{"o":{"x":0.33,"y":1},"i":{"x":0.68,"y":1},"s":[100,100],"t":0},{"o":{"x":0.33,"y":1},"i":{"x":0.68,"y":1},"s":[100,100],"t":60},{"s":[100,100],"t":120}]},"sk":{"a":0,"k":0},"p":{"a":1,"k":[{"o":{"x":0.33,"y":1},"i":{"x":0.68,"y":1},"s":[15.13,105.24],"t":0},{"o":{"x":0.33,"y":1},"i":{"x":0.68,"y":1},"s":[21.63,103.44],"t":60},{"s":[15.13,105.24],"t":120}]},"r":{"a":1,"k":[{"o":{"x":0.33,"y":1},"i":{"x":0.68,"y":1},"s":[0],"t":0},{"o":{"x":0.33,"y":1},"i":{"x":0.68,"y":1},"s":[0],"t":60},{"s":[0],"t":120}]},"sa":{"a":0,"k":0},"o":{"a":1,"k":[{"o":{"x":0.33,"y":1},"i":{"x":0.68,"y":1},"s":[100],"t":0},{"o":{"x":0.33,"y":1},"i":{"x":0.68,"y":1},"s":[100],"t":60},{"s":[100],"t":120}]}},"ef":[],"shapes":[{"ty":"sh","bm":0,"hd":false,"nm":"","d":1,"ks":{"a":1,"k":[{"o":{"x":0.33,"y":1},"i":{"x":0.68,"y":1},"s":[{"c":true,"i":[[0,0],[-3,0],[1.7,-6.5],[0.9,-1.4],[1.6,-0.6],[0,0],[-0.8,3],[8,-0.3],[1.7,-2.7]],"o":[[1.5,-2.9],[8.3,-0.5],[-0.4,1.5],[-1,1.4],[0,0],[3.2,-0.9],[1.7,-6.1],[-2.9,-0.2],[0,0]],"v":[[0,3.92],[8.1,0.02],[16,14.02],[14.2,18.52],[10.1,21.32],[9.8,20.42],[15.2,13.92],[8.1,0.62],[0,3.92]]}],"t":0},{"o":{"x":0.33,"y":1},"i":{"x":0.68,"y":1},"s":[{"c":true,"i":[[0,0],[-3,0],[1.7,-6.5],[0.9,-1.4],[1.6,-0.6],[0,0],[-0.8,3],[8,-0.3],[1.7,-2.7]],"o":[[1.5,-2.9],[8.3,-0.5],[-0.4,1.5],[-1,1.4],[0,0],[3.2,-0.9],[1.7,-6.1],[-2.9,-0.2],[0,0]],"v":[[0,3.92],[8.1,0.02],[16,14.02],[14.2,18.52],[10.1,21.32],[9.8,20.42],[15.2,13.92],[8.1,0.62],[0,3.92]]}],"t":60},{"s":[{"c":true,"i":[[0,0],[-3,0],[1.7,-6.5],[0.9,-1.4],[1.6,-0.6],[0,0],[-0.8,3],[8,-0.3],[1.7,-2.7]],"o":[[1.5,-2.9],[8.3,-0.5],[-0.4,1.5],[-1,1.4],[0,0],[3.2,-0.9],[1.7,-6.1],[-2.9,-0.2],[0,0]],"v":[[0,3.92],[8.1,0.02],[16,14.02],[14.2,18.52],[10.1,21.32],[9.8,20.42],[15.2,13.92],[8.1,0.62],[0,3.92]]}],"t":120}]}},{"ty":"fl","bm":0,"hd":false,"nm":"","c":{"a":1,"k":[{"o":{"x":0.33,"y":1},"i":{"x":0.68,"y":1},"s":[0.7294,0.4431,0.1765],"t":0},{"o":{"x":0.33,"y":1},"i":{"x":0.68,"y":1},"s":[0.7294,0.4431,0.1765],"t":60},{"s":[0.7294,0.4431,0.1765],"t":120}]},"r":1,"o":{"a":1,"k":[{"o":{"x":0.33,"y":1},"i":{"x":0.68,"y":1},"s":[100],"t":0},{"o":{"x":0.33,"y":1},"i":{"x":0.68,"y":1},"s":[100],"t":60},{"s":[100],"t":120}]}}],"ind":3},{"ty":4,"nm":"Vector","sr":1,"st":0,"op":121,"ip":0,"hd":false,"ddd":0,"bm":0,"hasMask":false,"ao":0,"ks":{"a":{"a":1,"k":[{"o":{"x":0.33,"y":1},"i":{"x":0.68,"y":1},"s":[6.76,12.73],"t":0},{"o":{"x":0.33,"y":1},"i":{"x":0.68,"y":1},"s":[6.76,12.73],"t":60},{"s":[6.76,12.73],"t":120}]},"s":{"a":1,"k":[{"o":{"x":0.33,"y":1},"i":{"x":0.68,"y":1},"s":[100,100],"t":0},{"o":{"x":0.33,"y":1},"i":{"x":0.68,"y":1},"s":[100,100],"t":60},{"s":[100,100],"t":120}]},"sk":{"a":0,"k":0},"p":{"a":1,"k":[{"o":{"x":0.33,"y":1},"i":{"x":0.68,"y":1},"s":[33.44,103.43],"t":0},{"o":{"x":0.33,"y":1},"i":{"x":0.68,"y":1},"s":[39.94,101.63],"t":60},{"s":[33.44,103.43],"t":120}]},"r":{"a":1,"k":[{"o":{"x":0.33,"y":1},"i":{"x":0.68,"y":1},"s":[0],"t":0},{"o":{"x":0.33,"y":1},"i":{"x":0.68,"y":1},"s":[0],"t":60},{"s":[0],"t":120}]},"sa":{"a":0,"k":0},"o":{"a":1,"k":[{"o":{"x":0.33,"y":1},"i":{"x":0.68,"y":1},"s":[100],"t":0},{"o":{"x":0.33,"y":1},"i":{"x":0.68,"y":1},"s":[100],"t":60},{"s":[100],"t":120}]}},"ef":[],"shapes":[{"ty":"sh","bm":0,"hd":false,"nm":"","d":1,"ks":{"a":1,"k":[{"o":{"x":0.33,"y":1},"i":{"x":0.68,"y":1},"s":[{"c":true,"i":[[0,0],[0.8,-3.6],[6,1],[0.3,4.2],[-4.6,-0.7],[-0.2,1.6],[-0.8,3.8],[-2.8,2.7]],"o":[[-2.5,2.8],[-1,3.5],[-5.8,-1.1],[0.9,3.7],[2,0.4],[0.5,-3.7],[0.9,-3.7],[0,0]],"v":[[13.52,0],[8.12,9.8],[3.72,25.4],[0.42,9.2],[3.92,24.4],[6.72,21.1],[7.52,9.7],[13.52,0]]}],"t":0},{"o":{"x":0.33,"y":1},"i":{"x":0.68,"y":1},"s":[{"c":true,"i":[[0,0],[0.8,-3.6],[6,1],[0.3,4.2],[-4.6,-0.7],[-0.2,1.6],[-0.8,3.8],[-2.8,2.7]],"o":[[-2.5,2.8],[-1,3.5],[-5.8,-1.1],[0.9,3.7],[2,0.4],[0.5,-3.7],[0.9,-3.7],[0,0]],"v":[[13.52,0],[8.12,9.8],[3.72,25.4],[0.42,9.2],[3.92,24.4],[6.72,21.1],[7.52,9.7],[13.52,0]]}],"t":60},{"s":[{"c":true,"i":[[0,0],[0.8,-3.6],[6,1],[0.3,4.2],[-4.6,-0.7],[-0.2,1.6],[-0.8,3.8],[-2.8,2.7]],"o":[[-2.5,2.8],[-1,3.5],[-5.8,-1.1],[0.9,3.7],[2,0.4],[0.5,-3.7],[0.9,-3.7],[0,0]],"v":[[13.52,0],[8.12,9.8],[3.72,25.4],[0.42,9.2],[3.92,24.4],[6.72,21.1],[7.52,9.7],[13.52,0]]}],"t":120}]}},{"ty":"fl","bm":0,"hd":false,"nm":"","c":{"a":1,"k":[{"o":{"x":0.33,"y":1},"i":{"x":0.68,"y":1},"s":[0.7294,0.4431,0.1765],"t":0},{"o":{"x":0.33,"y":1},"i":{"x":0.68,"y":1},"s":[0.7294,0.4431,0.1765],"t":60},{"s":[0.7294,0.4431,0.1765],"t":120}]},"r":1,"o":{"a":1,"k":[{"o":{"x":0.33,"y":1},"i":{"x":0.68,"y":1},"s":[100],"t":0},{"o":{"x":0.33,"y":1},"i":{"x":0.68,"y":1},"s":[100],"t":60},{"s":[100],"t":120}]}}],"ind":4},{"ty":4,"nm":"Vector","sr":1,"st":0,"op":121,"ip":0,"hd":false,"ddd":0,"bm":0,"hasMask":false,"ao":0,"ks":{"a":{"a":1,"k":[{"o":{"x":0.33,"y":1},"i":{"x":0.68,"y":1},"s":[8.6,19.25],"t":0},{"o":{"x":0.33,"y":1},"i":{"x":0.68,"y":1},"s":[8.6,19.25],"t":60},{"s":[8.6,19.25],"t":120}]},"s":{"a":1,"k":[{"o":{"x":0.33,"y":1},"i":{"x":0.68,"y":1},"s":[100,100],"t":0},{"o":{"x":0.33,"y":1},"i":{"x":0.68,"y":1},"s":[100,100],"t":60},{"s":[100,100],"t":120}]},"sk":{"a":0,"k":0},"p":{"a":1,"k":[{"o":{"x":0.33,"y":1},"i":{"x":0.68,"y":1},"s":[53.8,19.25],"t":0},{"o":{"x":0.33,"y":1},"i":{"x":0.68,"y":1},"s":[70.06,20.77],"t":60},{"s":[53.8,19.25],"t":120}]},"r":{"a":1,"k":[{"o":{"x":0.33,"y":1},"i":{"x":0.68,"y":1},"s":[0],"t":0},{"o":{"x":0.33,"y":1},"i":{"x":0.68,"y":1},"s":[14.19],"t":60},{"s":[0],"t":120}]},"sa":{"a":0,"k":0},"o":{"a":1,"k":[{"o":{"x":0.33,"y":1},"i":{"x":0.68,"y":1},"s":[100],"t":0},{"o":{"x":0.33,"y":1},"i":{"x":0.68,"y":1},"s":[100],"t":60},{"s":[100],"t":120}]}},"ef":[],"shapes":[{"ty":"sh","bm":0,"hd":false,"nm":"","d":1,"ks":{"a":1,"k":[{"o":{"x":0.33,"y":1},"i":{"x":0.68,"y":1},"s":[{"c":true,"i":[[0,0],[-0.1,14.3],[0,0],[9.3,-10.7]],"o":[[9,-10.8],[0,0],[-0.4,14.5],[0,0]],"v":[[0,38.5],[16.2,0],[17.2,0],[0,38.5]]}],"t":0},{"o":{"x":0.33,"y":1},"i":{"x":0.68,"y":1},"s":[{"c":true,"i":[[0,0],[-0.1,14.3],[0,0],[9.3,-10.7]],"o":[[9,-10.8],[0,0],[-0.4,14.5],[0,0]],"v":[[0,38.5],[16.2,0],[17.2,0],[0,38.5]]}],"t":60},{"s":[{"c":true,"i":[[0,0],[-0.1,14.3],[0,0],[9.3,-10.7]],"o":[[9,-10.8],[0,0],[-0.4,14.5],[0,0]],"v":[[0,38.5],[16.2,0],[17.2,0],[0,38.5]]}],"t":120}]}},{"ty":"fl","bm":0,"hd":false,"nm":"","c":{"a":1,"k":[{"o":{"x":0.33,"y":1},"i":{"x":0.68,"y":1},"s":[0.7294,0.4431,0.1765],"t":0},{"o":{"x":0.33,"y":1},"i":{"x":0.68,"y":1},"s":[0.7294,0.4431,0.1765],"t":60},{"s":[0.7294,0.4431,0.1765],"t":120}]},"r":1,"o":{"a":1,"k":[{"o":{"x":0.33,"y":1},"i":{"x":0.68,"y":1},"s":[100],"t":0},{"o":{"x":0.33,"y":1},"i":{"x":0.68,"y":1},"s":[100],"t":60},{"s":[100],"t":120}]}}],"ind":5},{"ty":4,"nm":"Vector","sr":1,"st":0,"op":121,"ip":0,"hd":false,"ddd":0,"bm":0,"hasMask":false,"ao":0,"ks":{"a":{"a":1,"k":[{"o":{"x":0.33,"y":1},"i":{"x":0.68,"y":1},"s":[9.7,16.15],"t":0},{"o":{"x":0.33,"y":1},"i":{"x":0.68,"y":1},"s":[9.7,16.15],"t":60},{"s":[9.7,16.15],"t":120}]},"s":{"a":1,"k":[{"o":{"x":0.33,"y":1},"i":{"x":0.68,"y":1},"s":[100,100],"t":0},{"o":{"x":0.33,"y":1},"i":{"x":0.68,"y":1},"s":[100,100],"t":60},{"s":[100,100],"t":120}]},"sk":{"a":0,"k":0},"p":{"a":1,"k":[{"o":{"x":0.33,"y":1},"i":{"x":0.68,"y":1},"s":[9.7,19.75],"t":0},{"o":{"x":0.33,"y":1},"i":{"x":0.68,"y":1},"s":[11.3,20.06],"t":60},{"s":[9.7,19.75],"t":120}]},"r":{"a":1,"k":[{"o":{"x":0.33,"y":1},"i":{"x":0.68,"y":1},"s":[0],"t":0},{"o":{"x":0.33,"y":1},"i":{"x":0.68,"y":1},"s":[-5.87],"t":60},{"s":[0],"t":120}]},"sa":{"a":0,"k":0},"o":{"a":1,"k":[{"o":{"x":0.33,"y":1},"i":{"x":0.68,"y":1},"s":[100],"t":0},{"o":{"x":0.33,"y":1},"i":{"x":0.68,"y":1},"s":[100],"t":60},{"s":[100],"t":120}]}},"ef":[],"shapes":[{"ty":"sh","bm":0,"hd":false,"nm":"","d":1,"ks":{"a":1,"k":[{"o":{"x":0.33,"y":1},"i":{"x":0.68,"y":1},"s":[{"c":true,"i":[[0,0],[-8.2,-9.3],[2.7,12.5],[0,0]],"o":[[2.3,12.4],[-8.6,-9.1],[0,0],[0,0]],"v":[[1,0],[19.4,32.3],[0,0.2],[1,0]]}],"t":0},{"o":{"x":0.33,"y":1},"i":{"x":0.68,"y":1},"s":[{"c":true,"i":[[0,0],[-8.2,-9.3],[2.7,12.5],[0,0]],"o":[[2.3,12.4],[-8.6,-9.1],[0,0],[0,0]],"v":[[1,0],[19.4,32.3],[0,0.2],[1,0]]}],"t":60},{"s":[{"c":true,"i":[[0,0],[-8.2,-9.3],[2.7,12.5],[0,0]],"o":[[2.3,12.4],[-8.6,-9.1],[0,0],[0,0]],"v":[[1,0],[19.4,32.3],[0,0.2],[1,0]]}],"t":120}]}},{"ty":"fl","bm":0,"hd":false,"nm":"","c":{"a":1,"k":[{"o":{"x":0.33,"y":1},"i":{"x":0.68,"y":1},"s":[0.7294,0.4431,0.1765],"t":0},{"o":{"x":0.33,"y":1},"i":{"x":0.68,"y":1},"s":[0.7294,0.4431,0.1765],"t":60},{"s":[0.7294,0.4431,0.1765],"t":120}]},"r":1,"o":{"a":1,"k":[{"o":{"x":0.33,"y":1},"i":{"x":0.68,"y":1},"s":[100],"t":0},{"o":{"x":0.33,"y":1},"i":{"x":0.68,"y":1},"s":[100],"t":60},{"s":[100],"t":120}]}}],"ind":6}]},{"nm":"[Asset] Fox_5_Couleur","id":"6","layers":[{"ty":0,"nm":"Corps","sr":1,"st":0,"op":121,"ip":0,"hd":false,"ddd":0,"bm":0,"hasMask":false,"ao":0,"ks":{"a":{"a":1,"k":[{"o":{"x":0.33,"y":1},"i":{"x":0.68,"y":1},"s":[34.74,57.97],"t":0},{"o":{"x":0.33,"y":1},"i":{"x":0.68,"y":1},"s":[41.5,58.29],"t":60},{"s":[34.74,57.97],"t":120}]},"s":{"a":1,"k":[{"o":{"x":0.33,"y":1},"i":{"x":0.68,"y":1},"s":[100,100],"t":0},{"o":{"x":0.33,"y":1},"i":{"x":0.68,"y":1},"s":[100,100],"t":60},{"s":[100,100],"t":120}]},"sk":{"a":0,"k":0},"p":{"a":1,"k":[{"o":{"x":0.33,"y":1},"i":{"x":0.68,"y":1},"s":[35.74,61.17],"t":0},{"o":{"x":0.33,"y":1},"i":{"x":0.68,"y":1},"s":[42.6,58.29],"t":60},{"s":[35.74,61.17],"t":120}]},"r":{"a":1,"k":[{"o":{"x":0.33,"y":1},"i":{"x":0.68,"y":1},"s":[0],"t":0},{"o":{"x":0.33,"y":1},"i":{"x":0.68,"y":1},"s":[0],"t":60},{"s":[0],"t":120}]},"sa":{"a":0,"k":0},"o":{"a":1,"k":[{"o":{"x":0.33,"y":1},"i":{"x":0.68,"y":1},"s":[100],"t":0},{"o":{"x":0.33,"y":1},"i":{"x":0.68,"y":1},"s":[100],"t":60},{"s":[100],"t":120}]}},"ef":[],"w":116,"h":155,"refId":"7","ind":1},{"ty":0,"nm":"Queue_Couleur","sr":1,"st":0,"op":121,"ip":0,"hd":false,"ddd":0,"bm":0,"hasMask":false,"ao":0,"ks":{"a":{"a":1,"k":[{"o":{"x":0.33,"y":1},"i":{"x":0.68,"y":1},"s":[47.55,25.13],"t":0},{"o":{"x":0.33,"y":1},"i":{"x":0.68,"y":1},"s":[47.55,25.13],"t":60},{"s":[47.55,25.13],"t":120}]},"s":{"a":1,"k":[{"o":{"x":0.33,"y":1},"i":{"x":0.68,"y":1},"s":[100,100],"t":0},{"o":{"x":0.33,"y":1},"i":{"x":0.68,"y":1},"s":[100,100],"t":60},{"s":[100,100],"t":120}]},"sk":{"a":0,"k":0},"p":{"a":1,"k":[{"o":{"x":0.33,"y":1},"i":{"x":0.68,"y":1},"s":[52.95,116.23],"t":0},{"o":{"x":0.33,"y":1},"i":{"x":0.68,"y":1},"s":[53.05,113.69],"t":60},{"s":[52.95,116.23],"t":120}]},"r":{"a":1,"k":[{"o":{"x":0.33,"y":1},"i":{"x":0.68,"y":1},"s":[0],"t":0},{"o":{"x":0.33,"y":1},"i":{"x":0.68,"y":1},"s":[0],"t":60},{"s":[0],"t":120}]},"sa":{"a":0,"k":0},"o":{"a":1,"k":[{"o":{"x":0.33,"y":1},"i":{"x":0.68,"y":1},"s":[100],"t":0},{"o":{"x":0.33,"y":1},"i":{"x":0.68,"y":1},"s":[100],"t":60},{"s":[100],"t":120}]}},"ef":[],"w":116,"h":155,"refId":"10","ind":2},{"ty":4,"nm":"Fond","sr":1,"st":0,"op":121,"ip":0,"hd":false,"ddd":0,"bm":0,"hasMask":false,"ao":0,"ks":{"a":{"a":1,"k":[{"o":{"x":0.33,"y":1},"i":{"x":0.68,"y":1},"s":[50.8,71.3],"t":0},{"o":{"x":0.33,"y":1},"i":{"x":0.68,"y":1},"s":[50.8,69.3],"t":60},{"s":[50.8,71.3],"t":120}]},"s":{"a":1,"k":[{"o":{"x":0.33,"y":1},"i":{"x":0.68,"y":1},"s":[100,100],"t":0},{"o":{"x":0.33,"y":1},"i":{"x":0.68,"y":1},"s":[100,100],"t":60},{"s":[100,100],"t":120}]},"sk":{"a":0,"k":0},"p":{"a":1,"k":[{"o":{"x":0.33,"y":1},"i":{"x":0.68,"y":1},"s":[50.8,71.3],"t":0},{"o":{"x":0.33,"y":1},"i":{"x":0.68,"y":1},"s":[50.8,70.75],"t":60},{"s":[50.8,71.3],"t":120}]},"r":{"a":1,"k":[{"o":{"x":0.33,"y":1},"i":{"x":0.68,"y":1},"s":[0],"t":0},{"o":{"x":0.33,"y":1},"i":{"x":0.68,"y":1},"s":[0],"t":60},{"s":[0],"t":120}]},"sa":{"a":0,"k":0},"o":{"a":1,"k":[{"o":{"x":0.33,"y":1},"i":{"x":0.68,"y":1},"s":[100],"t":0},{"o":{"x":0.33,"y":1},"i":{"x":0.68,"y":1},"s":[100],"t":60},{"s":[100],"t":120}]}},"ef":[],"shapes":[{"ty":"sh","bm":0,"hd":false,"nm":"","d":1,"ks":{"a":1,"k":[{"o":{"x":0.33,"y":1},"i":{"x":0.68,"y":1},"s":[{"c":true,"i":[[0,0],[0,0],[17,0],[6.2,-0.8],[-0.4,1],[-0.7,2.3],[-0.1,0.1],[0,0],[0,0],[0.8,1.7],[-0.5,10.3],[0,0.1],[0,0],[0,0],[3.7,-3],[2.3,0],[2.1,-0.7],[0,0.2],[0,0],[0,0],[-14.4,-12.8],[4,-3.8],[0,0],[0,0],[-1.5,-1.8],[-1.6,-1.4],[1.3,-0.6],[0,-10.3],[-2.1,-3.4],[-4.9,-1],[-1.5,0],[-2.2,1.3],[-0.4,0.3],[0,0.6],[0,0.1],[-0.1,0.1],[-0.1,0],[-1.9,0],[-0.4,1.2],[-1.8,0],[-0.5,3],[-0.1,0.9],[-0.2,-0.3],[1.2,-2.3],[0.2,-0.2],[0,0],[0,0],[-8,0],[-1.1,0.1],[-2.5,0.4],[0,6.6],[0.7,1.8]],"o":[[0,0],[-5.1,-11.7],[-4.2,0],[0.2,-0.7],[0.5,-1.3],[3.2,-9.6],[0,0],[0,0],[-0.9,-1],[8.4,-9.2],[0.6,-11.2],[0,0],[0,0],[-10.7,21.9],[-2.7,-1.6],[-1.8,0],[-16.1,-11.7],[0,0],[0,0],[-0.1,1.4],[0,1.5],[0,0],[0,0],[0,0],[1.6,1.9],[-1.2,0.4],[-9.2,4.9],[0,6.1],[2.2,3.7],[1.6,0.3],[3.1,0],[5.3,0.6],[0.5,-0.4],[0,-0.2],[0.2,-0.1],[0,0.1],[0.7,2.4],[1.9,0],[0.6,1.4],[1.8,0],[0.1,-0.8],[0.3,0.2],[0.6,1.1],[-4,7.5],[0,0],[0,0],[12.4,3.8],[1,0],[3.1,-0.1],[23.7,-4.1],[-0.2,-1.9],[0,0]],"v":[[100.3,109.2],[100.2,109],[64.9,90.3],[48.7,91.5],[49.6,89.1],[51.4,83.9],[62.8,62.6],[63.3,61.9],[62.7,61.3],[60,57.2],[71.3,23.7],[70.4,3.1],[69.9,0],[68.5,2.8],[46.8,35.9],[39.3,33.5],[33.5,34.5],[8.9,6.4],[7.2,3.2],[7,6.8],[19.6,51.9],[15.1,62.4],[14.5,63],[15,63.7],[17.4,66.8],[22.2,71.7],[18.5,73.3],[0,98.7],[3.1,112.8],[13.7,119.8],[18.3,120.3],[26.5,118.3],[33.4,117.5],[34.1,115.9],[34.1,115.4],[34.6,115.1],[34.7,115.3],[38.6,119],[41.7,116],[45.1,119],[48.5,114.4],[48.8,111.8],[49.5,112.6],[48.5,117.7],[32.5,135.6],[31.1,136.8],[32.8,137.3],[59.1,142.6],[62.3,142.5],[69.9,141.6],[101.6,114.8],[100.3,109.2]]}],"t":0},{"o":{"x":0.33,"y":1},"i":{"x":0.68,"y":1},"s":[{"c":true,"i":[[0,0],[0,0],[17,0],[6.2,-0.8],[-0.4,1],[-0.7,2.3],[-0.1,0.1],[0,0],[0,0],[0.8,1.7],[-4.71,11],[0,0.1],[0,0],[0,0],[6.5,-2],[2.3,0],[2.1,-0.7],[0,0.2],[0,0],[0,0],[-14.4,-12.8],[4,-3.8],[0,0],[0,0],[-1.5,-1.8],[-1.6,-1.4],[1.3,-0.6],[0,-10.3],[-2.1,-3.4],[-4.9,-1],[-1.5,0],[-2.2,1.3],[-0.4,0.3],[0,0.6],[0,0.1],[-0.1,0.1],[-0.1,0],[-1.9,0],[-0.4,1.2],[-1.8,0],[-0.5,3],[-0.1,0.9],[-0.2,-0.3],[1.2,-2.3],[0.2,-0.2],[0,0],[0,0],[-8,0],[-1.1,0.1],[-2.5,0.4],[0,6.6],[0.7,1.8]],"o":[[0,0],[-5.1,-11.7],[-4.2,0],[0.2,-0.7],[0.5,-1.3],[3.2,-9.6],[0,0],[0,0],[-0.9,-1],[8.4,-9.2],[4.5,-10.5],[0,0],[0,0],[-14.1,13.9],[-2.7,-1.6],[-1.8,0],[-12.5,-5],[0,0],[0,0],[-0.1,1.4],[0,1.5],[0,0],[0,0],[0,0],[1.6,1.9],[-1.2,0.4],[-9.2,4.9],[0,6.1],[2.2,3.7],[1.6,0.3],[3.1,0],[5.3,0.6],[0.5,-0.4],[0,-0.2],[0.2,-0.1],[0,0.1],[0.7,2.4],[1.9,0],[0.6,1.4],[1.8,0],[0.1,-0.8],[0.3,0.2],[0.6,1.1],[-4,7.5],[0,0],[0,0],[12.4,3.8],[1,0],[3.1,-0.1],[23.7,-4.1],[-0.2,-1.9],[0,0]],"v":[[100.3,105.2],[100.2,105],[64.9,86.3],[48.7,87.5],[49.6,85.1],[51.4,79.9],[62.8,58.6],[63.3,57.9],[62.7,57.3],[60,53.2],[77,27.5],[85,5.9],[86.5,0],[81.5,5.9],[48,32.5],[39.3,29.5],[31,31],[2.5,5.9],[0.5,2.5],[1,7],[19.6,47.9],[15.1,58.4],[14.5,59],[15,59.7],[17.4,62.8],[22.2,67.7],[18.5,69.3],[0,94.7],[3.1,108.8],[13.7,115.8],[18.3,116.3],[26.5,114.3],[33.4,113.5],[34.1,111.9],[34.1,111.4],[34.6,111.1],[34.7,111.3],[38.6,115],[41.7,112],[45.1,115],[48.5,110.4],[48.8,107.8],[49.5,108.6],[48.5,113.7],[32.5,131.6],[31.1,132.8],[32.8,133.3],[59.1,138.6],[62.3,138.5],[69.9,137.6],[101.6,110.8],[100.3,105.2]]}],"t":60},{"s":[{"c":true,"i":[[0,0],[0,0],[17,0],[6.2,-0.8],[-0.4,1],[-0.7,2.3],[-0.1,0.1],[0,0],[0,0],[0.8,1.7],[-0.5,10.3],[0,0.1],[0,0],[0,0],[3.7,-3],[2.3,0],[2.1,-0.7],[0,0.2],[0,0],[0,0],[-14.4,-12.8],[4,-3.8],[0,0],[0,0],[-1.5,-1.8],[-1.6,-1.4],[1.3,-0.6],[0,-10.3],[-2.1,-3.4],[-4.9,-1],[-1.5,0],[-2.2,1.3],[-0.4,0.3],[0,0.6],[0,0.1],[-0.1,0.1],[-0.1,0],[-1.9,0],[-0.4,1.2],[-1.8,0],[-0.5,3],[-0.1,0.9],[-0.2,-0.3],[1.2,-2.3],[0.2,-0.2],[0,0],[0,0],[-8,0],[-1.1,0.1],[-2.5,0.4],[0,6.6],[0.7,1.8]],"o":[[0,0],[-5.1,-11.7],[-4.2,0],[0.2,-0.7],[0.5,-1.3],[3.2,-9.6],[0,0],[0,0],[-0.9,-1],[8.4,-9.2],[0.6,-11.2],[0,0],[0,0],[-10.7,21.9],[-2.7,-1.6],[-1.8,0],[-16.1,-11.7],[0,0],[0,0],[-0.1,1.4],[0,1.5],[0,0],[0,0],[0,0],[1.6,1.9],[-1.2,0.4],[-9.2,4.9],[0,6.1],[2.2,3.7],[1.6,0.3],[3.1,0],[5.3,0.6],[0.5,-0.4],[0,-0.2],[0.2,-0.1],[0,0.1],[0.7,2.4],[1.9,0],[0.6,1.4],[1.8,0],[0.1,-0.8],[0.3,0.2],[0.6,1.1],[-4,7.5],[0,0],[0,0],[12.4,3.8],[1,0],[3.1,-0.1],[23.7,-4.1],[-0.2,-1.9],[0,0]],"v":[[100.3,109.2],[100.2,109],[64.9,90.3],[48.7,91.5],[49.6,89.1],[51.4,83.9],[62.8,62.6],[63.3,61.9],[62.7,61.3],[60,57.2],[71.3,23.7],[70.4,3.1],[69.9,0],[68.5,2.8],[46.8,35.9],[39.3,33.5],[33.5,34.5],[8.9,6.4],[7.2,3.2],[7,6.8],[19.6,51.9],[15.1,62.4],[14.5,63],[15,63.7],[17.4,66.8],[22.2,71.7],[18.5,73.3],[0,98.7],[3.1,112.8],[13.7,119.8],[18.3,120.3],[26.5,118.3],[33.4,117.5],[34.1,115.9],[34.1,115.4],[34.6,115.1],[34.7,115.3],[38.6,119],[41.7,116],[45.1,119],[48.5,114.4],[48.8,111.8],[49.5,112.6],[48.5,117.7],[32.5,135.6],[31.1,136.8],[32.8,137.3],[59.1,142.6],[62.3,142.5],[69.9,141.6],[101.6,114.8],[100.3,109.2]]}],"t":120}]}},{"ty":"sh","bm":0,"hd":false,"nm":"","d":1,"ks":{"a":1,"k":[{"o":{"x":0.33,"y":1},"i":{"x":0.68,"y":1},"s":[{"c":true,"i":[[0,0],[-0.8,0.1],[0,-0.2],[1.1,0]],"o":[[1,0.1],[0,0.2],[-0.6,-0.4],[0,0]],"v":[[31.2,109.9],[33.8,109.9],[33.8,110.5],[31.2,109.9]]}],"t":0},{"o":{"x":0.33,"y":1},"i":{"x":0.68,"y":1},"s":[{"c":true,"i":[[0,0],[-0.8,0.1],[0,-0.2],[1.1,0]],"o":[[1,0.1],[0,0.2],[-0.6,-0.4],[0,0]],"v":[[31.2,105.9],[33.8,105.9],[33.8,106.5],[31.2,105.9]]}],"t":60},{"s":[{"c":true,"i":[[0,0],[-0.8,0.1],[0,-0.2],[1.1,0]],"o":[[1,0.1],[0,0.2],[-0.6,-0.4],[0,0]],"v":[[31.2,109.9],[33.8,109.9],[33.8,110.5],[31.2,109.9]]}],"t":120}]}},{"ty":"fl","bm":0,"hd":false,"nm":"","c":{"a":1,"k":[{"o":{"x":0.33,"y":1},"i":{"x":0.68,"y":1},"s":[0.7294,0.4431,0.1765],"t":0},{"o":{"x":0.33,"y":1},"i":{"x":0.68,"y":1},"s":[0.7294,0.4431,0.1765],"t":60},{"s":[0.7294,0.4431,0.1765],"t":120}]},"r":1,"o":{"a":1,"k":[{"o":{"x":0.33,"y":1},"i":{"x":0.68,"y":1},"s":[100],"t":0},{"o":{"x":0.33,"y":1},"i":{"x":0.68,"y":1},"s":[100],"t":60},{"s":[100],"t":120}]}}],"ind":3}]},{"nm":"[Asset] Corps","id":"7","layers":[{"ty":0,"nm":"Yeux-2","sr":1,"st":0,"op":121,"ip":0,"hd":false,"ddd":0,"bm":0,"hasMask":false,"ao":0,"ks":{"a":{"a":1,"k":[{"o":{"x":0.33,"y":1},"i":{"x":0.68,"y":1},"s":[3.33,2.44],"t":0},{"o":{"x":0.33,"y":1},"i":{"x":0.68,"y":1},"s":[3.31,0.52],"t":60},{"s":[3.33,2.44],"t":120}]},"s":{"a":1,"k":[{"o":{"x":0.33,"y":1},"i":{"x":0.68,"y":1},"s":[100,100],"t":0},{"o":{"x":0.33,"y":1},"i":{"x":0.68,"y":1},"s":[100,100],"t":60},{"s":[100,100],"t":120}]},"sk":{"a":0,"k":0},"p":{"a":1,"k":[{"o":{"x":0.33,"y":1},"i":{"x":0.68,"y":1},"s":[27.71,54.18],"t":0},{"o":{"x":0.33,"y":1},"i":{"x":0.68,"y":1},"s":[27.71,54.92],"t":60},{"s":[27.71,54.18],"t":120}]},"r":{"a":1,"k":[{"o":{"x":0.33,"y":1},"i":{"x":0.68,"y":1},"s":[0],"t":0},{"o":{"x":0.33,"y":1},"i":{"x":0.68,"y":1},"s":[0],"t":60},{"s":[0],"t":120}]},"sa":{"a":0,"k":0},"o":{"a":1,"k":[{"o":{"x":0.33,"y":1},"i":{"x":0.68,"y":1},"s":[100],"t":0},{"o":{"x":0.33,"y":1},"i":{"x":0.68,"y":1},"s":[100],"t":60},{"s":[100],"t":120}]}},"ef":[],"w":116,"h":155,"refId":"8","ind":1},{"ty":0,"nm":"Yeux","sr":1,"st":0,"op":121,"ip":0,"hd":false,"ddd":0,"bm":0,"hasMask":false,"ao":0,"ks":{"a":{"a":1,"k":[{"o":{"x":0.33,"y":1},"i":{"x":0.68,"y":1},"s":[3.33,2.44],"t":0},{"o":{"x":0.33,"y":1},"i":{"x":0.68,"y":1},"s":[3.29,0.36],"t":60},{"s":[3.33,2.44],"t":120}]},"s":{"a":1,"k":[{"o":{"x":0.33,"y":1},"i":{"x":0.68,"y":1},"s":[100,100],"t":0},{"o":{"x":0.33,"y":1},"i":{"x":0.68,"y":1},"s":[100,100],"t":60},{"s":[100,100],"t":120}]},"sk":{"a":0,"k":0},"p":{"a":1,"k":[{"o":{"x":0.33,"y":1},"i":{"x":0.68,"y":1},"s":[43.5,53.49],"t":0},{"o":{"x":0.33,"y":1},"i":{"x":0.68,"y":1},"s":[43.54,54.81],"t":60},{"s":[43.5,53.49],"t":120}]},"r":{"a":1,"k":[{"o":{"x":0.33,"y":1},"i":{"x":0.68,"y":1},"s":[0],"t":0},{"o":{"x":0.33,"y":1},"i":{"x":0.68,"y":1},"s":[-2.97],"t":60},{"s":[0],"t":120}]},"sa":{"a":0,"k":0},"o":{"a":1,"k":[{"o":{"x":0.33,"y":1},"i":{"x":0.68,"y":1},"s":[100],"t":0},{"o":{"x":0.33,"y":1},"i":{"x":0.68,"y":1},"s":[100],"t":60},{"s":[100],"t":120}]}},"ef":[],"w":116,"h":155,"refId":"9","ind":2},{"ty":4,"nm":"Vector","sr":1,"st":0,"op":121,"ip":0,"hd":false,"ddd":0,"bm":0,"hasMask":false,"ao":0,"ks":{"a":{"a":1,"k":[{"o":{"x":0.33,"y":1},"i":{"x":0.68,"y":1},"s":[7,5],"t":0},{"o":{"x":0.33,"y":1},"i":{"x":0.68,"y":1},"s":[7,5],"t":60},{"s":[7,5],"t":120}]},"s":{"a":1,"k":[{"o":{"x":0.33,"y":1},"i":{"x":0.68,"y":1},"s":[100,100],"t":0},{"o":{"x":0.33,"y":1},"i":{"x":0.68,"y":1},"s":[100,100],"t":60},{"s":[100,100],"t":120}]},"sk":{"a":0,"k":0},"p":{"a":1,"k":[{"o":{"x":0.33,"y":1},"i":{"x":0.68,"y":1},"s":[32.6,62.7],"t":0},{"o":{"x":0.33,"y":1},"i":{"x":0.68,"y":1},"s":[32.6,63.35],"t":60},{"s":[32.6,62.7],"t":120}]},"r":{"a":1,"k":[{"o":{"x":0.33,"y":1},"i":{"x":0.68,"y":1},"s":[0],"t":0},{"o":{"x":0.33,"y":1},"i":{"x":0.68,"y":1},"s":[0],"t":60},{"s":[0],"t":120}]},"sa":{"a":0,"k":0},"o":{"a":1,"k":[{"o":{"x":0.33,"y":1},"i":{"x":0.68,"y":1},"s":[100],"t":0},{"o":{"x":0.33,"y":1},"i":{"x":0.68,"y":1},"s":[100],"t":60},{"s":[100],"t":120}]}},"ef":[],"shapes":[{"ty":"sh","bm":0,"hd":false,"nm":"","d":1,"ks":{"a":1,"k":[{"o":{"x":0.33,"y":1},"i":{"x":0.68,"y":1},"s":[{"c":true,"i":[[0,0],[5.1,-3],[1.3,-0.4],[0.2,0.4],[1.1,0.2],[-0.6,1.7],[-4.5,0]],"o":[[-0.1,0.4],[-1,0.6],[-0.1,-0.4],[-0.5,-0.7],[1.6,-1.9],[3,-0.7],[0,0]],"v":[[14,0],[6.9,8.5],[3.4,10],[3,8.8],[0,7.5],[3.3,1.7],[14,0]]}],"t":0},{"o":{"x":0.33,"y":1},"i":{"x":0.68,"y":1},"s":[{"c":true,"i":[[0,0],[5.1,-3],[1.3,-0.4],[0.2,0.4],[1.1,0.2],[-0.6,1.7],[-4.5,0]],"o":[[-0.1,0.4],[-1,0.6],[-0.1,-0.4],[-0.5,-0.7],[1.6,-1.9],[3,-0.7],[0,0]],"v":[[14,0],[6.9,8.5],[3.4,10],[3,8.8],[0,7.5],[3.3,1.7],[14,0]]}],"t":60},{"s":[{"c":true,"i":[[0,0],[5.1,-3],[1.3,-0.4],[0.2,0.4],[1.1,0.2],[-0.6,1.7],[-4.5,0]],"o":[[-0.1,0.4],[-1,0.6],[-0.1,-0.4],[-0.5,-0.7],[1.6,-1.9],[3,-0.7],[0,0]],"v":[[14,0],[6.9,8.5],[3.4,10],[3,8.8],[0,7.5],[3.3,1.7],[14,0]]}],"t":120}]}},{"ty":"fl","bm":0,"hd":false,"nm":"","c":{"a":1,"k":[{"o":{"x":0.33,"y":1},"i":{"x":0.68,"y":1},"s":[0.9569,0.5843,0.2],"t":0},{"o":{"x":0.33,"y":1},"i":{"x":0.68,"y":1},"s":[0.9569,0.5843,0.2],"t":60},{"s":[0.9569,0.5843,0.2],"t":120}]},"r":1,"o":{"a":1,"k":[{"o":{"x":0.33,"y":1},"i":{"x":0.68,"y":1},"s":[100],"t":0},{"o":{"x":0.33,"y":1},"i":{"x":0.68,"y":1},"s":[100],"t":60},{"s":[100],"t":120}]}}],"ind":3},{"ty":4,"nm":"Vector","sr":1,"st":0,"op":121,"ip":0,"hd":false,"ddd":0,"bm":0,"hasMask":false,"ao":0,"ks":{"a":{"a":1,"k":[{"o":{"x":0.33,"y":1},"i":{"x":0.68,"y":1},"s":[3.19,2.7],"t":0},{"o":{"x":0.33,"y":1},"i":{"x":0.68,"y":1},"s":[3.19,2.7],"t":60},{"s":[3.19,2.7],"t":120}]},"s":{"a":1,"k":[{"o":{"x":0.33,"y":1},"i":{"x":0.68,"y":1},"s":[100,100],"t":0},{"o":{"x":0.33,"y":1},"i":{"x":0.68,"y":1},"s":[100,100],"t":60},{"s":[100,100],"t":120}]},"sk":{"a":0,"k":0},"p":{"a":1,"k":[{"o":{"x":0.33,"y":1},"i":{"x":0.68,"y":1},"s":[25.79,68.1],"t":0},{"o":{"x":0.33,"y":1},"i":{"x":0.68,"y":1},"s":[25.79,68.75],"t":60},{"s":[25.79,68.1],"t":120}]},"r":{"a":1,"k":[{"o":{"x":0.33,"y":1},"i":{"x":0.68,"y":1},"s":[0],"t":0},{"o":{"x":0.33,"y":1},"i":{"x":0.68,"y":1},"s":[0],"t":60},{"s":[0],"t":120}]},"sa":{"a":0,"k":0},"o":{"a":1,"k":[{"o":{"x":0.33,"y":1},"i":{"x":0.68,"y":1},"s":[100],"t":0},{"o":{"x":0.33,"y":1},"i":{"x":0.68,"y":1},"s":[100],"t":60},{"s":[100],"t":120}]}},"ef":[],"shapes":[{"ty":"sh","bm":0,"hd":false,"nm":"","d":1,"ks":{"a":1,"k":[{"o":{"x":0.33,"y":1},"i":{"x":0.68,"y":1},"s":[{"c":true,"i":[[0,0],[1,0],[0.1,0.9],[-0.1,0.2],[-0.7,0.6],[-0.4,0.5],[-0.5,-0.7],[0,-0.5],[0.1,-0.8]],"o":[[-1,0.2],[-1.6,-0.1],[0,-0.2],[0.2,-0.5],[0.5,-0.5],[1.2,0.2],[0.2,0.3],[0.2,0.8],[0,0]],"v":[[6.2,5.2],[3,5.4],[0,3.8],[0.1,3.3],[1.4,1.6],[2.9,0],[5.9,1.3],[6.3,2.5],[6.2,5.2]]}],"t":0},{"o":{"x":0.33,"y":1},"i":{"x":0.68,"y":1},"s":[{"c":true,"i":[[0,0],[1,0],[0.1,0.9],[-0.1,0.2],[-0.7,0.6],[-0.4,0.5],[-0.5,-0.7],[0,-0.5],[0.1,-0.8]],"o":[[-1,0.2],[-1.6,-0.1],[0,-0.2],[0.2,-0.5],[0.5,-0.5],[1.2,0.2],[0.2,0.3],[0.2,0.8],[0,0]],"v":[[6.2,5.2],[3,5.4],[0,3.8],[0.1,3.3],[1.4,1.6],[2.9,0],[5.9,1.3],[6.3,2.5],[6.2,5.2]]}],"t":60},{"s":[{"c":true,"i":[[0,0],[1,0],[0.1,0.9],[-0.1,0.2],[-0.7,0.6],[-0.4,0.5],[-0.5,-0.7],[0,-0.5],[0.1,-0.8]],"o":[[-1,0.2],[-1.6,-0.1],[0,-0.2],[0.2,-0.5],[0.5,-0.5],[1.2,0.2],[0.2,0.3],[0.2,0.8],[0,0]],"v":[[6.2,5.2],[3,5.4],[0,3.8],[0.1,3.3],[1.4,1.6],[2.9,0],[5.9,1.3],[6.3,2.5],[6.2,5.2]]}],"t":120}]}},{"ty":"fl","bm":0,"hd":false,"nm":"","c":{"a":1,"k":[{"o":{"x":0.33,"y":1},"i":{"x":0.68,"y":1},"s":[0.5922,0.2824,0.0824],"t":0},{"o":{"x":0.33,"y":1},"i":{"x":0.68,"y":1},"s":[0.5922,0.2824,0.0824],"t":60},{"s":[0.5922,0.2824,0.0824],"t":120}]},"r":1,"o":{"a":1,"k":[{"o":{"x":0.33,"y":1},"i":{"x":0.68,"y":1},"s":[100],"t":0},{"o":{"x":0.33,"y":1},"i":{"x":0.68,"y":1},"s":[100],"t":60},{"s":[100],"t":120}]}}],"ind":4},{"ty":4,"nm":"Vector","sr":1,"st":0,"op":121,"ip":0,"hd":false,"ddd":0,"bm":0,"hasMask":false,"ao":0,"ks":{"a":{"a":1,"k":[{"o":{"x":0.33,"y":1},"i":{"x":0.68,"y":1},"s":[15.45,16.85],"t":0},{"o":{"x":0.33,"y":1},"i":{"x":0.68,"y":1},"s":[15.45,16.85],"t":60},{"s":[15.45,16.85],"t":120}]},"s":{"a":1,"k":[{"o":{"x":0.33,"y":1},"i":{"x":0.68,"y":1},"s":[100,100],"t":0},{"o":{"x":0.33,"y":1},"i":{"x":0.68,"y":1},"s":[100,100],"t":60},{"s":[100,100],"t":120}]},"sk":{"a":0,"k":0},"p":{"a":1,"k":[{"o":{"x":0.33,"y":1},"i":{"x":0.68,"y":1},"s":[41.05,74.55],"t":0},{"o":{"x":0.33,"y":1},"i":{"x":0.68,"y":1},"s":[41.05,75.2],"t":60},{"s":[41.05,74.55],"t":120}]},"r":{"a":1,"k":[{"o":{"x":0.33,"y":1},"i":{"x":0.68,"y":1},"s":[0],"t":0},{"o":{"x":0.33,"y":1},"i":{"x":0.68,"y":1},"s":[0],"t":60},{"s":[0],"t":120}]},"sa":{"a":0,"k":0},"o":{"a":1,"k":[{"o":{"x":0.33,"y":1},"i":{"x":0.68,"y":1},"s":[100],"t":0},{"o":{"x":0.33,"y":1},"i":{"x":0.68,"y":1},"s":[100],"t":60},{"s":[100],"t":120}]}},"ef":[],"shapes":[{"ty":"sh","bm":0,"hd":false,"nm":"","d":1,"ks":{"a":1,"k":[{"o":{"x":0.33,"y":1},"i":{"x":0.68,"y":1},"s":[{"c":true,"i":[[0,0],[0,0],[7.4,3.4],[0.9,0.6],[-1.1,0.2],[-1.1,9.1],[0,0],[3.5,-4.7]],"o":[[-3.5,4.6],[0,0],[-1,-0.4],[1,0.1],[0,0],[0,0],[0,0],[0,0]],"v":[[22.8,10.2],[20.5,33.7],[2.8,14.7],[0,13.1],[3.2,12.9],[14,0],[30.9,0.8],[22.8,10.2]]}],"t":0},{"o":{"x":0.33,"y":1},"i":{"x":0.68,"y":1},"s":[{"c":true,"i":[[0,0],[0,0],[7.4,3.4],[0.9,0.6],[-1.1,0.2],[-1.1,9.1],[0,0],[3.5,-4.7]],"o":[[-3.5,4.6],[0,0],[-1,-0.4],[1,0.1],[0,0],[0,0],[0,0],[0,0]],"v":[[22.8,10.2],[20.5,33.7],[2.8,14.7],[0,13.1],[3.2,12.9],[14,0],[30.9,0.8],[22.8,10.2]]}],"t":60},{"s":[{"c":true,"i":[[0,0],[0,0],[7.4,3.4],[0.9,0.6],[-1.1,0.2],[-1.1,9.1],[0,0],[3.5,-4.7]],"o":[[-3.5,4.6],[0,0],[-1,-0.4],[1,0.1],[0,0],[0,0],[0,0],[0,0]],"v":[[22.8,10.2],[20.5,33.7],[2.8,14.7],[0,13.1],[3.2,12.9],[14,0],[30.9,0.8],[22.8,10.2]]}],"t":120}]}},{"ty":"fl","bm":0,"hd":false,"nm":"","c":{"a":1,"k":[{"o":{"x":0.33,"y":1},"i":{"x":0.68,"y":1},"s":[0.9765,0.9765,0.9216],"t":0},{"o":{"x":0.33,"y":1},"i":{"x":0.68,"y":1},"s":[0.9765,0.9765,0.9216],"t":60},{"s":[0.9765,0.9765,0.9216],"t":120}]},"r":1,"o":{"a":1,"k":[{"o":{"x":0.33,"y":1},"i":{"x":0.68,"y":1},"s":[100],"t":0},{"o":{"x":0.33,"y":1},"i":{"x":0.68,"y":1},"s":[100],"t":60},{"s":[100],"t":120}]}}],"ind":5},{"ty":4,"nm":"Vector","sr":1,"st":0,"op":121,"ip":0,"hd":false,"ddd":0,"bm":0,"hasMask":false,"ao":0,"ks":{"a":{"a":1,"k":[{"o":{"x":0.33,"y":1},"i":{"x":0.68,"y":1},"s":[5.4,6.45],"t":0},{"o":{"x":0.33,"y":1},"i":{"x":0.68,"y":1},"s":[5.4,6.45],"t":60},{"s":[5.4,6.45],"t":120}]},"s":{"a":1,"k":[{"o":{"x":0.33,"y":1},"i":{"x":0.68,"y":1},"s":[100,100],"t":0},{"o":{"x":0.33,"y":1},"i":{"x":0.68,"y":1},"s":[100,100],"t":60},{"s":[100,100],"t":120}]},"sk":{"a":0,"k":0},"p":{"a":1,"k":[{"o":{"x":0.33,"y":1},"i":{"x":0.68,"y":1},"s":[34.2,64.15],"t":0},{"o":{"x":0.33,"y":1},"i":{"x":0.68,"y":1},"s":[34.2,64.8],"t":60},{"s":[34.2,64.15],"t":120}]},"r":{"a":1,"k":[{"o":{"x":0.33,"y":1},"i":{"x":0.68,"y":1},"s":[0],"t":0},{"o":{"x":0.33,"y":1},"i":{"x":0.68,"y":1},"s":[0],"t":60},{"s":[0],"t":120}]},"sa":{"a":0,"k":0},"o":{"a":1,"k":[{"o":{"x":0.33,"y":1},"i":{"x":0.68,"y":1},"s":[100],"t":0},{"o":{"x":0.33,"y":1},"i":{"x":0.68,"y":1},"s":[100],"t":60},{"s":[100],"t":120}]}},"ef":[],"shapes":[{"ty":"sh","bm":0,"hd":false,"nm":"","d":1,"ks":{"a":1,"k":[{"o":{"x":0.33,"y":1},"i":{"x":0.68,"y":1},"s":[{"c":true,"i":[[0,0],[0,0],[0.1,1],[-1,0.6],[-0.2,0.4]],"o":[[-1.1,9],[0.2,-0.8],[1.3,-0.4],[5,-3],[0,0]],"v":[[10.8,0],[0,12.9],[0.2,10],[3.7,8.5],[10.8,0]]}],"t":0},{"o":{"x":0.33,"y":1},"i":{"x":0.68,"y":1},"s":[{"c":true,"i":[[0,0],[0,0],[0.1,1],[-1,0.6],[-0.2,0.4]],"o":[[-1.1,9],[0.2,-0.8],[1.3,-0.4],[5,-3],[0,0]],"v":[[10.8,0],[0,12.9],[0.2,10],[3.7,8.5],[10.8,0]]}],"t":60},{"s":[{"c":true,"i":[[0,0],[0,0],[0.1,1],[-1,0.6],[-0.2,0.4]],"o":[[-1.1,9],[0.2,-0.8],[1.3,-0.4],[5,-3],[0,0]],"v":[[10.8,0],[0,12.9],[0.2,10],[3.7,8.5],[10.8,0]]}],"t":120}]}},{"ty":"fl","bm":0,"hd":false,"nm":"","c":{"a":1,"k":[{"o":{"x":0.33,"y":1},"i":{"x":0.68,"y":1},"s":[0.8863,0.4157,0.0549],"t":0},{"o":{"x":0.33,"y":1},"i":{"x":0.68,"y":1},"s":[0.8863,0.4157,0.0549],"t":60},{"s":[0.8863,0.4157,0.0549],"t":120}]},"r":1,"o":{"a":1,"k":[{"o":{"x":0.33,"y":1},"i":{"x":0.68,"y":1},"s":[100],"t":0},{"o":{"x":0.33,"y":1},"i":{"x":0.68,"y":1},"s":[100],"t":60},{"s":[100],"t":120}]}}],"ind":6},{"ty":4,"nm":"Vector","sr":1,"st":0,"op":121,"ip":0,"hd":false,"ddd":0,"bm":0,"hasMask":false,"ao":0,"ks":{"a":{"a":1,"k":[{"o":{"x":0.33,"y":1},"i":{"x":0.68,"y":1},"s":[2.75,1.86],"t":0},{"o":{"x":0.33,"y":1},"i":{"x":0.68,"y":1},"s":[2.75,1.86],"t":60},{"s":[2.75,1.86],"t":120}]},"s":{"a":1,"k":[{"o":{"x":0.33,"y":1},"i":{"x":0.68,"y":1},"s":[100,100],"t":0},{"o":{"x":0.33,"y":1},"i":{"x":0.68,"y":1},"s":[100,100],"t":60},{"s":[100,100],"t":120}]},"sk":{"a":0,"k":0},"p":{"a":1,"k":[{"o":{"x":0.33,"y":1},"i":{"x":0.68,"y":1},"s":[30.85,109.54],"t":0},{"o":{"x":0.33,"y":1},"i":{"x":0.68,"y":1},"s":[30.85,110.19],"t":60},{"s":[30.85,109.54],"t":120}]},"r":{"a":1,"k":[{"o":{"x":0.33,"y":1},"i":{"x":0.68,"y":1},"s":[0],"t":0},{"o":{"x":0.33,"y":1},"i":{"x":0.68,"y":1},"s":[0],"t":60},{"s":[0],"t":120}]},"sa":{"a":0,"k":0},"o":{"a":1,"k":[{"o":{"x":0.33,"y":1},"i":{"x":0.68,"y":1},"s":[100],"t":0},{"o":{"x":0.33,"y":1},"i":{"x":0.68,"y":1},"s":[100],"t":60},{"s":[100],"t":120}]}},"ef":[],"shapes":[{"ty":"sh","bm":0,"hd":false,"nm":"","d":1,"ks":{"a":1,"k":[{"o":{"x":0.33,"y":1},"i":{"x":0.68,"y":1},"s":[{"c":true,"i":[[0,0],[1.2,-0.2],[1.3,0],[-0.3,1],[0,-2.1]],"o":[[0,0.8],[-0.7,-0.8],[0.3,-0.8],[1.8,-0.1],[0,0]],"v":[[5.5,2.22],[3.5,3.72],[0,2.72],[0.9,0.02],[5.5,2.22]]}],"t":0},{"o":{"x":0.33,"y":1},"i":{"x":0.68,"y":1},"s":[{"c":true,"i":[[0,0],[1.2,-0.2],[1.3,0],[-0.3,1],[0,-2.1]],"o":[[0,0.8],[-0.7,-0.8],[0.3,-0.8],[1.8,-0.1],[0,0]],"v":[[5.5,2.22],[3.5,3.72],[0,2.72],[0.9,0.02],[5.5,2.22]]}],"t":60},{"s":[{"c":true,"i":[[0,0],[1.2,-0.2],[1.3,0],[-0.3,1],[0,-2.1]],"o":[[0,0.8],[-0.7,-0.8],[0.3,-0.8],[1.8,-0.1],[0,0]],"v":[[5.5,2.22],[3.5,3.72],[0,2.72],[0.9,0.02],[5.5,2.22]]}],"t":120}]}},{"ty":"fl","bm":0,"hd":false,"nm":"","c":{"a":1,"k":[{"o":{"x":0.33,"y":1},"i":{"x":0.68,"y":1},"s":[0.7294,0.4431,0.1765],"t":0},{"o":{"x":0.33,"y":1},"i":{"x":0.68,"y":1},"s":[0.7294,0.4431,0.1765],"t":60},{"s":[0.7294,0.4431,0.1765],"t":120}]},"r":1,"o":{"a":1,"k":[{"o":{"x":0.33,"y":1},"i":{"x":0.68,"y":1},"s":[100],"t":0},{"o":{"x":0.33,"y":1},"i":{"x":0.68,"y":1},"s":[100],"t":60},{"s":[100],"t":120}]}}],"ind":7},{"ty":4,"nm":"Vector","sr":1,"st":0,"op":121,"ip":0,"hd":false,"ddd":0,"bm":0,"hasMask":false,"ao":0,"ks":{"a":{"a":1,"k":[{"o":{"x":0.33,"y":1},"i":{"x":0.68,"y":1},"s":[3.45,1.91],"t":0},{"o":{"x":0.33,"y":1},"i":{"x":0.68,"y":1},"s":[3.45,1.91],"t":60},{"s":[3.45,1.91],"t":120}]},"s":{"a":1,"k":[{"o":{"x":0.33,"y":1},"i":{"x":0.68,"y":1},"s":[100,100],"t":0},{"o":{"x":0.33,"y":1},"i":{"x":0.68,"y":1},"s":[100,100],"t":60},{"s":[100,100],"t":120}]},"sk":{"a":0,"k":0},"p":{"a":1,"k":[{"o":{"x":0.33,"y":1},"i":{"x":0.68,"y":1},"s":[28.55,112.21],"t":0},{"o":{"x":0.33,"y":1},"i":{"x":0.68,"y":1},"s":[28.55,112.86],"t":60},{"s":[28.55,112.21],"t":120}]},"r":{"a":1,"k":[{"o":{"x":0.33,"y":1},"i":{"x":0.68,"y":1},"s":[0],"t":0},{"o":{"x":0.33,"y":1},"i":{"x":0.68,"y":1},"s":[0],"t":60},{"s":[0],"t":120}]},"sa":{"a":0,"k":0},"o":{"a":1,"k":[{"o":{"x":0.33,"y":1},"i":{"x":0.68,"y":1},"s":[100],"t":0},{"o":{"x":0.33,"y":1},"i":{"x":0.68,"y":1},"s":[100],"t":60},{"s":[100],"t":120}]}},"ef":[],"shapes":[{"ty":"sh","bm":0,"hd":false,"nm":"","d":1,"ks":{"a":1,"k":[{"o":{"x":0.33,"y":1},"i":{"x":0.68,"y":1},"s":[{"c":true,"i":[[0,0],[3.1,0.4],[-0.5,0.6],[-0.3,0.4],[-0.2,0.4],[-0.7,-0.8],[0,-0.5]],"o":[[0,1.8],[0.7,-0.4],[0.2,-0.2],[0.2,-0.3],[1.3,0],[0.4,0.4],[0,0]],"v":[[6.9,2.2],[0,3.6],[1.8,2.1],[2.5,1.1],[3,0],[6.4,1],[6.9,2.2]]}],"t":0},{"o":{"x":0.33,"y":1},"i":{"x":0.68,"y":1},"s":[{"c":true,"i":[[0,0],[3.1,0.4],[-0.5,0.6],[-0.3,0.4],[-0.2,0.4],[-0.7,-0.8],[0,-0.5]],"o":[[0,1.8],[0.7,-0.4],[0.2,-0.2],[0.2,-0.3],[1.3,0],[0.4,0.4],[0,0]],"v":[[6.9,2.2],[0,3.6],[1.8,2.1],[2.5,1.1],[3,0],[6.4,1],[6.9,2.2]]}],"t":60},{"s":[{"c":true,"i":[[0,0],[3.1,0.4],[-0.5,0.6],[-0.3,0.4],[-0.2,0.4],[-0.7,-0.8],[0,-0.5]],"o":[[0,1.8],[0.7,-0.4],[0.2,-0.2],[0.2,-0.3],[1.3,0],[0.4,0.4],[0,0]],"v":[[6.9,2.2],[0,3.6],[1.8,2.1],[2.5,1.1],[3,0],[6.4,1],[6.9,2.2]]}],"t":120}]}},{"ty":"fl","bm":0,"hd":false,"nm":"","c":{"a":1,"k":[{"o":{"x":0.33,"y":1},"i":{"x":0.68,"y":1},"s":[0.7294,0.4431,0.1765],"t":0},{"o":{"x":0.33,"y":1},"i":{"x":0.68,"y":1},"s":[0.7294,0.4431,0.1765],"t":60},{"s":[0.7294,0.4431,0.1765],"t":120}]},"r":1,"o":{"a":1,"k":[{"o":{"x":0.33,"y":1},"i":{"x":0.68,"y":1},"s":[100],"t":0},{"o":{"x":0.33,"y":1},"i":{"x":0.68,"y":1},"s":[100],"t":60},{"s":[100],"t":120}]}}],"ind":8},{"ty":4,"nm":"Vector","sr":1,"st":0,"op":121,"ip":0,"hd":false,"ddd":0,"bm":0,"hasMask":false,"ao":0,"ks":{"a":{"a":1,"k":[{"o":{"x":0.33,"y":1},"i":{"x":0.68,"y":1},"s":[8.95,18.95],"t":0},{"o":{"x":0.33,"y":1},"i":{"x":0.68,"y":1},"s":[8.95,18.95],"t":60},{"s":[8.95,18.95],"t":120}]},"s":{"a":1,"k":[{"o":{"x":0.33,"y":1},"i":{"x":0.68,"y":1},"s":[100,100],"t":0},{"o":{"x":0.33,"y":1},"i":{"x":0.68,"y":1},"s":[100,100],"t":60},{"s":[100,100],"t":120}]},"sk":{"a":0,"k":0},"p":{"a":1,"k":[{"o":{"x":0.33,"y":1},"i":{"x":0.68,"y":1},"s":[8.95,90.05],"t":0},{"o":{"x":0.33,"y":1},"i":{"x":0.68,"y":1},"s":[8.95,90.7],"t":60},{"s":[8.95,90.05],"t":120}]},"r":{"a":1,"k":[{"o":{"x":0.33,"y":1},"i":{"x":0.68,"y":1},"s":[0],"t":0},{"o":{"x":0.33,"y":1},"i":{"x":0.68,"y":1},"s":[0],"t":60},{"s":[0],"t":120}]},"sa":{"a":0,"k":0},"o":{"a":1,"k":[{"o":{"x":0.33,"y":1},"i":{"x":0.68,"y":1},"s":[100],"t":0},{"o":{"x":0.33,"y":1},"i":{"x":0.68,"y":1},"s":[100],"t":60},{"s":[100],"t":120}]}},"ef":[],"shapes":[{"ty":"sh","bm":0,"hd":false,"nm":"","d":1,"ks":{"a":1,"k":[{"o":{"x":0.33,"y":1},"i":{"x":0.68,"y":1},"s":[{"c":true,"i":[[0,0],[-0.6,-5.5],[0,5.6],[-8.7,4.6],[3.3,-7.1]],"o":[[-3.3,7],[-2.1,-3.4],[0,-9.9],[-3.6,3.7],[0,0]],"v":[[4.6,18.1],[3,37.9],[0,24.4],[17.9,0],[4.6,18.1]]}],"t":0},{"o":{"x":0.33,"y":1},"i":{"x":0.68,"y":1},"s":[{"c":true,"i":[[0,0],[-0.6,-5.5],[0,5.6],[-8.7,4.6],[3.3,-7.1]],"o":[[-3.3,7],[-2.1,-3.4],[0,-9.9],[-3.6,3.7],[0,0]],"v":[[4.6,18.1],[3,37.9],[0,24.4],[17.9,0],[4.6,18.1]]}],"t":60},{"s":[{"c":true,"i":[[0,0],[-0.6,-5.5],[0,5.6],[-8.7,4.6],[3.3,-7.1]],"o":[[-3.3,7],[-2.1,-3.4],[0,-9.9],[-3.6,3.7],[0,0]],"v":[[4.6,18.1],[3,37.9],[0,24.4],[17.9,0],[4.6,18.1]]}],"t":120}]}},{"ty":"fl","bm":0,"hd":false,"nm":"","c":{"a":1,"k":[{"o":{"x":0.33,"y":1},"i":{"x":0.68,"y":1},"s":[0.9843,0.7333,0.2667],"t":0},{"o":{"x":0.33,"y":1},"i":{"x":0.68,"y":1},"s":[0.9843,0.7333,0.2667],"t":60},{"s":[0.9843,0.7333,0.2667],"t":120}]},"r":1,"o":{"a":1,"k":[{"o":{"x":0.33,"y":1},"i":{"x":0.68,"y":1},"s":[100],"t":0},{"o":{"x":0.33,"y":1},"i":{"x":0.68,"y":1},"s":[100],"t":60},{"s":[100],"t":120}]}}],"ind":9},{"ty":4,"nm":"Vector","sr":1,"st":0,"op":121,"ip":0,"hd":false,"ddd":0,"bm":0,"hasMask":false,"ao":0,"ks":{"a":{"a":1,"k":[{"o":{"x":0.33,"y":1},"i":{"x":0.68,"y":1},"s":[21.88,23.37],"t":0},{"o":{"x":0.33,"y":1},"i":{"x":0.68,"y":1},"s":[21.88,23.37],"t":60},{"s":[21.88,23.37],"t":120}]},"s":{"a":1,"k":[{"o":{"x":0.33,"y":1},"i":{"x":0.68,"y":1},"s":[100,100],"t":0},{"o":{"x":0.33,"y":1},"i":{"x":0.68,"y":1},"s":[100,100],"t":60},{"s":[100,100],"t":120}]},"sk":{"a":0,"k":0},"p":{"a":1,"k":[{"o":{"x":0.33,"y":1},"i":{"x":0.68,"y":1},"s":[24.22,92.57],"t":0},{"o":{"x":0.33,"y":1},"i":{"x":0.68,"y":1},"s":[24.22,93.22],"t":60},{"s":[24.22,92.57],"t":120}]},"r":{"a":1,"k":[{"o":{"x":0.33,"y":1},"i":{"x":0.68,"y":1},"s":[0],"t":0},{"o":{"x":0.33,"y":1},"i":{"x":0.68,"y":1},"s":[0],"t":60},{"s":[0],"t":120}]},"sa":{"a":0,"k":0},"o":{"a":1,"k":[{"o":{"x":0.33,"y":1},"i":{"x":0.68,"y":1},"s":[100],"t":0},{"o":{"x":0.33,"y":1},"i":{"x":0.68,"y":1},"s":[100],"t":60},{"s":[100],"t":120}]}},"ef":[],"shapes":[{"ty":"sh","bm":0,"hd":false,"nm":"","d":1,"ks":{"a":1,"k":[{"o":{"x":0.33,"y":1},"i":{"x":0.68,"y":1},"s":[{"c":true,"i":[[0,0],[0.5,-3.9],[0.2,-2.3],[0.3,-1.1],[1,-0.1],[0.8,0.1],[0.1,2.3],[0.8,0],[0.7,0.2],[0.1,-0.7],[0.4,-0.8],[0.2,-0.3],[0.2,-0.2],[0.7,-0.4],[4.5,0.9],[2,3.3],[-3.3,7],[-3.6,3.7],[-1.5,0.4],[-1.7,-0.1],[-0.9,-0.5],[0,0]],"o":[[-1.8,1.9],[-0.2,2.1],[-0.1,1.4],[-0.5,0.1],[-1,0.1],[-0.5,-1.7],[-0.6,0.1],[-0.8,0],[-0.1,0.8],[-0.2,1],[-0.2,0.4],[-0.2,0.4],[-0.5,0.6],[-3.1,2],[-4.7,-1],[-0.6,-5.5],[3.3,-7.1],[1.6,-0.8],[0,1],[0.9,0.6],[7.3,3.3],[0,0]],"v":[[43.77,22.1],[38.47,31.6],[37.97,38.5],[37.47,42.4],[35.07,42.7],[32.17,42.5],[31.47,36.3],[29.37,36.5],[27.17,36.1],[26.77,38.4],[25.87,41.1],[25.37,42.2],[24.67,43.2],[22.87,44.7],[10.57,46.3],[0.67,39.8],[2.27,20],[15.67,1.9],[20.37,0],[23.37,1.6],[26.17,3.2],[43.77,22.1]]}],"t":0},{"o":{"x":0.33,"y":1},"i":{"x":0.68,"y":1},"s":[{"c":true,"i":[[0,0],[0.5,-3.9],[0.2,-2.3],[0.3,-1.1],[1,-0.1],[0.8,0.1],[0.1,2.3],[0.8,0],[0.7,0.2],[0.1,-0.7],[0.4,-0.8],[0.2,-0.3],[0.2,-0.2],[0.7,-0.4],[4.5,0.9],[2,3.3],[-3.3,7],[-3.6,3.7],[-1.5,0.4],[-1.7,-0.1],[-0.9,-0.5],[0,0]],"o":[[-1.8,1.9],[-0.2,2.1],[-0.1,1.4],[-0.5,0.1],[-1,0.1],[-0.5,-1.7],[-0.6,0.1],[-0.8,0],[-0.1,0.8],[-0.2,1],[-0.2,0.4],[-0.2,0.4],[-0.5,0.6],[-3.1,2],[-4.7,-1],[-0.6,-5.5],[3.3,-7.1],[1.6,-0.8],[0,1],[0.9,0.6],[7.3,3.3],[0,0]],"v":[[43.77,22.1],[38.47,31.6],[37.97,38.5],[37.47,42.4],[35.07,42.7],[32.17,42.5],[31.47,36.3],[29.37,36.5],[27.17,36.1],[26.77,38.4],[25.87,41.1],[25.37,42.2],[24.67,43.2],[22.87,44.7],[10.57,46.3],[0.67,39.8],[2.27,20],[15.67,1.9],[20.37,0],[23.37,1.6],[26.17,3.2],[43.77,22.1]]}],"t":60},{"s":[{"c":true,"i":[[0,0],[0.5,-3.9],[0.2,-2.3],[0.3,-1.1],[1,-0.1],[0.8,0.1],[0.1,2.3],[0.8,0],[0.7,0.2],[0.1,-0.7],[0.4,-0.8],[0.2,-0.3],[0.2,-0.2],[0.7,-0.4],[4.5,0.9],[2,3.3],[-3.3,7],[-3.6,3.7],[-1.5,0.4],[-1.7,-0.1],[-0.9,-0.5],[0,0]],"o":[[-1.8,1.9],[-0.2,2.1],[-0.1,1.4],[-0.5,0.1],[-1,0.1],[-0.5,-1.7],[-0.6,0.1],[-0.8,0],[-0.1,0.8],[-0.2,1],[-0.2,0.4],[-0.2,0.4],[-0.5,0.6],[-3.1,2],[-4.7,-1],[-0.6,-5.5],[3.3,-7.1],[1.6,-0.8],[0,1],[0.9,0.6],[7.3,3.3],[0,0]],"v":[[43.77,22.1],[38.47,31.6],[37.97,38.5],[37.47,42.4],[35.07,42.7],[32.17,42.5],[31.47,36.3],[29.37,36.5],[27.17,36.1],[26.77,38.4],[25.87,41.1],[25.37,42.2],[24.67,43.2],[22.87,44.7],[10.57,46.3],[0.67,39.8],[2.27,20],[15.67,1.9],[20.37,0],[23.37,1.6],[26.17,3.2],[43.77,22.1]]}],"t":120}]}},{"ty":"fl","bm":0,"hd":false,"nm":"","c":{"a":1,"k":[{"o":{"x":0.33,"y":1},"i":{"x":0.68,"y":1},"s":[0.9569,0.5843,0.2],"t":0},{"o":{"x":0.33,"y":1},"i":{"x":0.68,"y":1},"s":[0.9569,0.5843,0.2],"t":60},{"s":[0.9569,0.5843,0.2],"t":120}]},"r":1,"o":{"a":1,"k":[{"o":{"x":0.33,"y":1},"i":{"x":0.68,"y":1},"s":[100],"t":0},{"o":{"x":0.33,"y":1},"i":{"x":0.68,"y":1},"s":[100],"t":60},{"s":[100],"t":120}]}}],"ind":10},{"ty":4,"nm":"Vector","sr":1,"st":0,"op":121,"ip":0,"hd":false,"ddd":0,"bm":0,"hasMask":false,"ao":0,"ks":{"a":{"a":1,"k":[{"o":{"x":0.33,"y":1},"i":{"x":0.68,"y":1},"s":[2.65,1.5],"t":0},{"o":{"x":0.33,"y":1},"i":{"x":0.68,"y":1},"s":[2.65,1.5],"t":60},{"s":[2.65,1.5],"t":120}]},"s":{"a":1,"k":[{"o":{"x":0.33,"y":1},"i":{"x":0.68,"y":1},"s":[100,100],"t":0},{"o":{"x":0.33,"y":1},"i":{"x":0.68,"y":1},"s":[100,100],"t":60},{"s":[100,100],"t":120}]},"sk":{"a":0,"k":0},"p":{"a":1,"k":[{"o":{"x":0.33,"y":1},"i":{"x":0.68,"y":1},"s":[37.15,113.1],"t":0},{"o":{"x":0.33,"y":1},"i":{"x":0.68,"y":1},"s":[37.15,113.75],"t":60},{"s":[37.15,113.1],"t":120}]},"r":{"a":1,"k":[{"o":{"x":0.33,"y":1},"i":{"x":0.68,"y":1},"s":[0],"t":0},{"o":{"x":0.33,"y":1},"i":{"x":0.68,"y":1},"s":[0],"t":60},{"s":[0],"t":120}]},"sa":{"a":0,"k":0},"o":{"a":1,"k":[{"o":{"x":0.33,"y":1},"i":{"x":0.68,"y":1},"s":[100],"t":0},{"o":{"x":0.33,"y":1},"i":{"x":0.68,"y":1},"s":[100],"t":60},{"s":[100],"t":120}]}},"ef":[],"shapes":[{"ty":"sh","bm":0,"hd":false,"nm":"","d":1,"ks":{"a":1,"k":[{"o":{"x":0.33,"y":1},"i":{"x":0.68,"y":1},"s":[{"c":true,"i":[[0,0],[1.2,0],[0.5,1.7],[-1,0.1],[-0.5,0.1]],"o":[[-0.4,1.8],[-1.6,0],[0.8,0.1],[1.1,-0.1],[0,0]],"v":[[5.3,0],[3,3],[0,0.1],[2.9,0.3],[5.3,0]]}],"t":0},{"o":{"x":0.33,"y":1},"i":{"x":0.68,"y":1},"s":[{"c":true,"i":[[0,0],[1.2,0],[0.5,1.7],[-1,0.1],[-0.5,0.1]],"o":[[-0.4,1.8],[-1.6,0],[0.8,0.1],[1.1,-0.1],[0,0]],"v":[[5.3,0],[3,3],[0,0.1],[2.9,0.3],[5.3,0]]}],"t":60},{"s":[{"c":true,"i":[[0,0],[1.2,0],[0.5,1.7],[-1,0.1],[-0.5,0.1]],"o":[[-0.4,1.8],[-1.6,0],[0.8,0.1],[1.1,-0.1],[0,0]],"v":[[5.3,0],[3,3],[0,0.1],[2.9,0.3],[5.3,0]]}],"t":120}]}},{"ty":"fl","bm":0,"hd":false,"nm":"","c":{"a":1,"k":[{"o":{"x":0.33,"y":1},"i":{"x":0.68,"y":1},"s":[0.7294,0.4431,0.1765],"t":0},{"o":{"x":0.33,"y":1},"i":{"x":0.68,"y":1},"s":[0.7294,0.4431,0.1765],"t":60},{"s":[0.7294,0.4431,0.1765],"t":120}]},"r":1,"o":{"a":1,"k":[{"o":{"x":0.33,"y":1},"i":{"x":0.68,"y":1},"s":[100],"t":0},{"o":{"x":0.33,"y":1},"i":{"x":0.68,"y":1},"s":[100],"t":60},{"s":[100],"t":120}]}}],"ind":11},{"ty":4,"nm":"Vector","sr":1,"st":0,"op":121,"ip":0,"hd":false,"ddd":0,"bm":0,"hasMask":false,"ao":0,"ks":{"a":{"a":1,"k":[{"o":{"x":0.33,"y":1},"i":{"x":0.68,"y":1},"s":[2.7,1.95],"t":0},{"o":{"x":0.33,"y":1},"i":{"x":0.68,"y":1},"s":[2.7,1.95],"t":60},{"s":[2.7,1.95],"t":120}]},"s":{"a":1,"k":[{"o":{"x":0.33,"y":1},"i":{"x":0.68,"y":1},"s":[100,100],"t":0},{"o":{"x":0.33,"y":1},"i":{"x":0.68,"y":1},"s":[100,100],"t":60},{"s":[100,100],"t":120}]},"sk":{"a":0,"k":0},"p":{"a":1,"k":[{"o":{"x":0.33,"y":1},"i":{"x":0.68,"y":1},"s":[43.7,112.75],"t":0},{"o":{"x":0.33,"y":1},"i":{"x":0.68,"y":1},"s":[43.7,113.4],"t":60},{"s":[43.7,112.75],"t":120}]},"r":{"a":1,"k":[{"o":{"x":0.33,"y":1},"i":{"x":0.68,"y":1},"s":[0],"t":0},{"o":{"x":0.33,"y":1},"i":{"x":0.68,"y":1},"s":[0],"t":60},{"s":[0],"t":120}]},"sa":{"a":0,"k":0},"o":{"a":1,"k":[{"o":{"x":0.33,"y":1},"i":{"x":0.68,"y":1},"s":[100],"t":0},{"o":{"x":0.33,"y":1},"i":{"x":0.68,"y":1},"s":[100],"t":60},{"s":[100],"t":120}]}},"ef":[],"shapes":[{"ty":"sh","bm":0,"hd":false,"nm":"","d":1,"ks":{"a":1,"k":[{"o":{"x":0.33,"y":1},"i":{"x":0.68,"y":1},"s":[{"c":true,"i":[[0,0],[1.3,0],[0.7,2.3],[-1.3,0.1],[-0.5,0]],"o":[[-0.4,2.3],[-1.4,0],[0.7,0.2],[0.8,-0.1],[0,0]],"v":[[5.4,0.1],[3,3.9],[0,0],[3.4,0.3],[5.4,0.1]]}],"t":0},{"o":{"x":0.33,"y":1},"i":{"x":0.68,"y":1},"s":[{"c":true,"i":[[0,0],[1.3,0],[0.7,2.3],[-1.3,0.1],[-0.5,0]],"o":[[-0.4,2.3],[-1.4,0],[0.7,0.2],[0.8,-0.1],[0,0]],"v":[[5.4,0.1],[3,3.9],[0,0],[3.4,0.3],[5.4,0.1]]}],"t":60},{"s":[{"c":true,"i":[[0,0],[1.3,0],[0.7,2.3],[-1.3,0.1],[-0.5,0]],"o":[[-0.4,2.3],[-1.4,0],[0.7,0.2],[0.8,-0.1],[0,0]],"v":[[5.4,0.1],[3,3.9],[0,0],[3.4,0.3],[5.4,0.1]]}],"t":120}]}},{"ty":"fl","bm":0,"hd":false,"nm":"","c":{"a":1,"k":[{"o":{"x":0.33,"y":1},"i":{"x":0.68,"y":1},"s":[0.7294,0.4431,0.1765],"t":0},{"o":{"x":0.33,"y":1},"i":{"x":0.68,"y":1},"s":[0.7294,0.4431,0.1765],"t":60},{"s":[0.7294,0.4431,0.1765],"t":120}]},"r":1,"o":{"a":1,"k":[{"o":{"x":0.33,"y":1},"i":{"x":0.68,"y":1},"s":[100],"t":0},{"o":{"x":0.33,"y":1},"i":{"x":0.68,"y":1},"s":[100],"t":60},{"s":[100],"t":120}]}}],"ind":12},{"ty":4,"nm":"Vector","sr":1,"st":0,"op":121,"ip":0,"hd":false,"ddd":0,"bm":0,"hasMask":false,"ao":0,"ks":{"a":{"a":1,"k":[{"o":{"x":0.33,"y":1},"i":{"x":0.68,"y":1},"s":[3.24,9.91],"t":0},{"o":{"x":0.33,"y":1},"i":{"x":0.68,"y":1},"s":[3.24,9.91],"t":60},{"s":[3.24,9.91],"t":120}]},"s":{"a":1,"k":[{"o":{"x":0.33,"y":1},"i":{"x":0.68,"y":1},"s":[100,100],"t":0},{"o":{"x":0.33,"y":1},"i":{"x":0.68,"y":1},"s":[100,100],"t":60},{"s":[100,100],"t":120}]},"sk":{"a":0,"k":0},"p":{"a":1,"k":[{"o":{"x":0.33,"y":1},"i":{"x":0.68,"y":1},"s":[43.54,101.21],"t":0},{"o":{"x":0.33,"y":1},"i":{"x":0.68,"y":1},"s":[43.54,101.87],"t":60},{"s":[43.54,101.21],"t":120}]},"r":{"a":1,"k":[{"o":{"x":0.33,"y":1},"i":{"x":0.68,"y":1},"s":[0],"t":0},{"o":{"x":0.33,"y":1},"i":{"x":0.68,"y":1},"s":[0],"t":60},{"s":[0],"t":120}]},"sa":{"a":0,"k":0},"o":{"a":1,"k":[{"o":{"x":0.33,"y":1},"i":{"x":0.68,"y":1},"s":[100],"t":0},{"o":{"x":0.33,"y":1},"i":{"x":0.68,"y":1},"s":[100],"t":60},{"s":[100],"t":120}]}},"ef":[],"shapes":[{"ty":"sh","bm":0,"hd":false,"nm":"","d":1,"ks":{"a":1,"k":[{"o":{"x":0.33,"y":1},"i":{"x":0.68,"y":1},"s":[{"c":true,"i":[[0,0],[0.8,0],[0.7,0.2],[0.2,1.1],[-0.3,2.2],[-1.8,1.9],[-0.2,-2.1],[0.7,-4]],"o":[[-0.5,0.1],[-1.3,0.1],[-0.3,-0.9],[0.2,-2.3],[0.5,-4],[0,1.1],[0.4,4.7],[0,0]],"v":[[6.1,19.6],[4.1,19.8],[0.7,19.5],[0,16.4],[0.5,9.5],[5.8,0],[6,4.5],[6.1,19.6]]}],"t":0},{"o":{"x":0.33,"y":1},"i":{"x":0.68,"y":1},"s":[{"c":true,"i":[[0,0],[0.8,0],[0.7,0.2],[0.2,1.1],[-0.3,2.2],[-1.8,1.9],[-0.2,-2.1],[0.7,-4]],"o":[[-0.5,0.1],[-1.3,0.1],[-0.3,-0.9],[0.2,-2.3],[0.5,-4],[0,1.1],[0.4,4.7],[0,0]],"v":[[6.1,19.6],[4.1,19.8],[0.7,19.5],[0,16.4],[0.5,9.5],[5.8,0],[6,4.5],[6.1,19.6]]}],"t":60},{"s":[{"c":true,"i":[[0,0],[0.8,0],[0.7,0.2],[0.2,1.1],[-0.3,2.2],[-1.8,1.9],[-0.2,-2.1],[0.7,-4]],"o":[[-0.5,0.1],[-1.3,0.1],[-0.3,-0.9],[0.2,-2.3],[0.5,-4],[0,1.1],[0.4,4.7],[0,0]],"v":[[6.1,19.6],[4.1,19.8],[0.7,19.5],[0,16.4],[0.5,9.5],[5.8,0],[6,4.5],[6.1,19.6]]}],"t":120}]}},{"ty":"fl","bm":0,"hd":false,"nm":"","c":{"a":1,"k":[{"o":{"x":0.33,"y":1},"i":{"x":0.68,"y":1},"s":[0.8353,0.5255,0.2196],"t":0},{"o":{"x":0.33,"y":1},"i":{"x":0.68,"y":1},"s":[0.8353,0.5255,0.2196],"t":60},{"s":[0.8353,0.5255,0.2196],"t":120}]},"r":1,"o":{"a":1,"k":[{"o":{"x":0.33,"y":1},"i":{"x":0.68,"y":1},"s":[100],"t":0},{"o":{"x":0.33,"y":1},"i":{"x":0.68,"y":1},"s":[100],"t":60},{"s":[100],"t":120}]}}],"ind":13},{"ty":4,"nm":"Vector","sr":1,"st":0,"op":121,"ip":0,"hd":false,"ddd":0,"bm":0,"hasMask":false,"ao":0,"ks":{"a":{"a":1,"k":[{"o":{"x":0.33,"y":1},"i":{"x":0.68,"y":1},"s":[11.25,19.25],"t":0},{"o":{"x":0.33,"y":1},"i":{"x":0.68,"y":1},"s":[14.25,20.5],"t":60},{"s":[11.25,19.25],"t":120}]},"s":{"a":1,"k":[{"o":{"x":0.33,"y":1},"i":{"x":0.68,"y":1},"s":[100,100],"t":0},{"o":{"x":0.33,"y":1},"i":{"x":0.68,"y":1},"s":[100,100],"t":60},{"s":[100,100],"t":120}]},"sk":{"a":0,"k":0},"p":{"a":1,"k":[{"o":{"x":0.33,"y":1},"i":{"x":0.68,"y":1},"s":[57.15,19.25],"t":0},{"o":{"x":0.33,"y":1},"i":{"x":0.68,"y":1},"s":[64.48,23.2],"t":60},{"s":[57.15,19.25],"t":120}]},"r":{"a":1,"k":[{"o":{"x":0.33,"y":1},"i":{"x":0.68,"y":1},"s":[0],"t":0},{"o":{"x":0.33,"y":1},"i":{"x":0.68,"y":1},"s":[13.09],"t":60},{"s":[0],"t":120}]},"sa":{"a":0,"k":0},"o":{"a":1,"k":[{"o":{"x":0.33,"y":1},"i":{"x":0.68,"y":1},"s":[100],"t":0},{"o":{"x":0.33,"y":1},"i":{"x":0.68,"y":1},"s":[100],"t":60},{"s":[100],"t":120}]}},"ef":[],"shapes":[{"ty":"sh","bm":0,"hd":false,"nm":"","d":1,"ks":{"a":1,"k":[{"o":{"x":0.33,"y":1},"i":{"x":0.68,"y":1},"s":[{"c":true,"i":[[0,0],[0,0],[3.3,2.1],[-11.3,23.2]],"o":[[0,20.3],[0,0],[3.6,-2.7],[0,0]],"v":[[22.5,0],[5.8,38.5],[0,33.9],[22.5,0]]}],"t":0},{"o":{"x":0.33,"y":1},"i":{"x":0.68,"y":1},"s":[{"c":true,"i":[[0,0],[0,0],[4.17,2.24],[-14.29,24.71]],"o":[[0,21.62],[0,0],[4.55,-2.88],[0,0]],"v":[[28.5,0],[7.38,41.01],[0,36.4],[28.5,0]]}],"t":60},{"s":[{"c":true,"i":[[0,0],[0,0],[3.3,2.1],[-11.3,23.2]],"o":[[0,20.3],[0,0],[3.6,-2.7],[0,0]],"v":[[22.5,0],[5.8,38.5],[0,33.9],[22.5,0]]}],"t":120}]}},{"ty":"fl","bm":0,"hd":false,"nm":"","c":{"a":1,"k":[{"o":{"x":0.33,"y":1},"i":{"x":0.68,"y":1},"s":[0.9412,0.498,0.149],"t":0},{"o":{"x":0.33,"y":1},"i":{"x":0.68,"y":1},"s":[0.9412,0.498,0.149],"t":60},{"s":[0.9412,0.498,0.149],"t":120}]},"r":1,"o":{"a":1,"k":[{"o":{"x":0.33,"y":1},"i":{"x":0.68,"y":1},"s":[100],"t":0},{"o":{"x":0.33,"y":1},"i":{"x":0.68,"y":1},"s":[100],"t":60},{"s":[100],"t":120}]}}],"ind":14},{"ty":4,"nm":"Vector","sr":1,"st":0,"op":121,"ip":0,"hd":false,"ddd":0,"bm":0,"hasMask":false,"ao":0,"ks":{"a":{"a":1,"k":[{"o":{"x":0.33,"y":1},"i":{"x":0.68,"y":1},"s":[12.7,16.1],"t":0},{"o":{"x":0.33,"y":1},"i":{"x":0.68,"y":1},"s":[13.47,16.59],"t":60},{"s":[12.7,16.1],"t":120}]},"s":{"a":1,"k":[{"o":{"x":0.33,"y":1},"i":{"x":0.68,"y":1},"s":[100,100],"t":0},{"o":{"x":0.33,"y":1},"i":{"x":0.68,"y":1},"s":[100,100],"t":60},{"s":[100,100],"t":120}]},"sk":{"a":0,"k":0},"p":{"a":1,"k":[{"o":{"x":0.33,"y":1},"i":{"x":0.68,"y":1},"s":[19.7,19.8],"t":0},{"o":{"x":0.33,"y":1},"i":{"x":0.68,"y":1},"s":[15.15,22.21],"t":60},{"s":[19.7,19.8],"t":120}]},"r":{"a":1,"k":[{"o":{"x":0.33,"y":1},"i":{"x":0.68,"y":1},"s":[0],"t":0},{"o":{"x":0.33,"y":1},"i":{"x":0.68,"y":1},"s":[-6.07],"t":60},{"s":[0],"t":120}]},"sa":{"a":0,"k":0},"o":{"a":1,"k":[{"o":{"x":0.33,"y":1},"i":{"x":0.68,"y":1},"s":[100],"t":0},{"o":{"x":0.33,"y":1},"i":{"x":0.68,"y":1},"s":[100],"t":60},{"s":[100],"t":120}]}},"ef":[],"shapes":[{"ty":"sh","bm":0,"hd":false,"nm":"","d":1,"ks":{"a":1,"k":[{"o":{"x":0.33,"y":1},"i":{"x":0.68,"y":1},"s":[{"c":true,"i":[[0,0],[0,0],[2.5,15.5],[-16.8,-12.1]],"o":[[-3.8,1.3],[0,0],[0,0],[0,0]],"v":[[25.4,28.8],[18.9,32.2],[0,0],[25.4,28.8]]}],"t":0},{"o":{"x":0.33,"y":1},"i":{"x":0.68,"y":1},"s":[{"c":true,"i":[[0,0],[0,0],[2.5,15.5],[-16.8,-12.1]],"o":[[-3.8,1.3],[0,0],[0,0],[0,0]],"v":[[26.94,30.33],[20,33.18],[0,0],[26.94,30.33]]}],"t":60},{"s":[{"c":true,"i":[[0,0],[0,0],[2.5,15.5],[-16.8,-12.1]],"o":[[-3.8,1.3],[0,0],[0,0],[0,0]],"v":[[25.4,28.8],[18.9,32.2],[0,0],[25.4,28.8]]}],"t":120}]}},{"ty":"fl","bm":0,"hd":false,"nm":"","c":{"a":1,"k":[{"o":{"x":0.33,"y":1},"i":{"x":0.68,"y":1},"s":[0.9412,0.498,0.149],"t":0},{"o":{"x":0.33,"y":1},"i":{"x":0.68,"y":1},"s":[0.9412,0.498,0.149],"t":60},{"s":[0.9412,0.498,0.149],"t":120}]},"r":1,"o":{"a":1,"k":[{"o":{"x":0.33,"y":1},"i":{"x":0.68,"y":1},"s":[100],"t":0},{"o":{"x":0.33,"y":1},"i":{"x":0.68,"y":1},"s":[100],"t":60},{"s":[100],"t":120}]}}],"ind":15},{"ty":4,"nm":"Vector","sr":1,"st":0,"op":121,"ip":0,"hd":false,"ddd":0,"bm":0,"hasMask":false,"ao":0,"ks":{"a":{"a":1,"k":[{"o":{"x":0.33,"y":1},"i":{"x":0.68,"y":1},"s":[31.29,45.7],"t":0},{"o":{"x":0.33,"y":1},"i":{"x":0.68,"y":1},"s":[41,42.55],"t":60},{"s":[31.29,45.7],"t":120}]},"s":{"a":1,"k":[{"o":{"x":0.33,"y":1},"i":{"x":0.68,"y":1},"s":[100,100],"t":0},{"o":{"x":0.33,"y":1},"i":{"x":0.68,"y":1},"s":[100,100],"t":60},{"s":[100,100],"t":120}]},"sk":{"a":0,"k":0},"p":{"a":1,"k":[{"o":{"x":0.33,"y":1},"i":{"x":0.68,"y":1},"s":[38.2,45.7],"t":0},{"o":{"x":0.33,"y":1},"i":{"x":0.68,"y":1},"s":[41.5,49.5],"t":60},{"s":[38.2,45.7],"t":120}]},"r":{"a":1,"k":[{"o":{"x":0.33,"y":1},"i":{"x":0.68,"y":1},"s":[0],"t":0},{"o":{"x":0.33,"y":1},"i":{"x":0.68,"y":1},"s":[0],"t":60},{"s":[0],"t":120}]},"sa":{"a":0,"k":0},"o":{"a":1,"k":[{"o":{"x":0.33,"y":1},"i":{"x":0.68,"y":1},"s":[100],"t":0},{"o":{"x":0.33,"y":1},"i":{"x":0.68,"y":1},"s":[100],"t":60},{"s":[100],"t":120}]}},"ef":[],"shapes":[{"ty":"sh","bm":0,"hd":false,"nm":"","d":1,"ks":{"a":1,"k":[{"o":{"x":0.33,"y":1},"i":{"x":0.68,"y":1},"s":[{"c":true,"i":[[0,0],[-1.3,-1.4],[3.3,-9.8],[0.1,-2.8],[-3.5,4.6],[0,0],[0,0],[3,-0.7],[1.9,0],[1.2,-1.1],[0,0],[0,0],[0,0],[0,0],[-3.7,1.3],[-2.1,0],[-2.3,-1.4],[0,0],[0,20.4],[16.7,-17.3]],"o":[[0.8,1.8],[0,0],[-2.4,7.1],[0,0],[3.5,-4.6],[0,0],[-4.5,0],[-1.8,0.4],[-2.8,0],[-1.5,-1.7],[5.1,-4.9],[-14.8,-12.4],[2.6,15.5],[0,0],[1.8,-0.7],[2.6,0],[3.3,2.1],[0,0],[0,0],[0,0]],"v":[[50.89,53.8],[54.09,58.8],[42.59,80.4],[39.29,91.4],[41.59,67.9],[49.69,58.5],[32.79,57.7],[22.09,59.4],[16.59,60.2],[10.39,62.9],[8.09,59.9],[12.89,48.2],[0.09,3.7],[18.99,35.9],[25.49,32.5],[31.39,31.4],[38.99,34],[44.79,38.6],[61.49,0],[50.89,53.8]]}],"t":0},{"o":{"x":0.33,"y":1},"i":{"x":0.68,"y":1},"s":[{"c":true,"i":[[0,0],[-1.3,-1.4],[3.3,-9.8],[0.1,-2.8],[-3.5,4.6],[0,0],[0,0],[3,-0.7],[1.9,0],[1.2,-1.1],[0,0],[0,0],[0,0],[0,0],[-3.7,1.3],[-2.1,0],[-2.3,-1.4],[0,0],[-7.5,15],[16.7,-17.3]],"o":[[0.8,1.8],[0,0],[-2.4,7.1],[0,0],[3.5,-4.6],[0,0],[-4.5,0],[-1.8,0.4],[-2.8,0],[-1.5,-1.7],[5.1,-4.9],[-14.8,-12.4],[6,14],[0,0],[1.8,-0.7],[2.6,0],[3.3,2.1],[0,0],[0,0],[0,0]],"v":[[57.3,47.5],[60.5,52.5],[49,74.1],[45.7,85.1],[48,61.6],[56.1,52.2],[39.2,51.4],[28.5,53.1],[23,53.9],[16.8,56.6],[14.5,53.6],[19.3,41.9],[0,1],[25.4,29.6],[31.9,26.2],[37.8,25.1],[45.4,27.7],[51.2,32.3],[82,0],[57.3,47.5]]}],"t":60},{"s":[{"c":true,"i":[[0,0],[-1.3,-1.4],[3.3,-9.8],[0.1,-2.8],[-3.5,4.6],[0,0],[0,0],[3,-0.7],[1.9,0],[1.2,-1.1],[0,0],[0,0],[0,0],[0,0],[-3.7,1.3],[-2.1,0],[-2.3,-1.4],[0,0],[0,20.4],[16.7,-17.3]],"o":[[0.8,1.8],[0,0],[-2.4,7.1],[0,0],[3.5,-4.6],[0,0],[-4.5,0],[-1.8,0.4],[-2.8,0],[-1.5,-1.7],[5.1,-4.9],[-14.8,-12.4],[2.6,15.5],[0,0],[1.8,-0.7],[2.6,0],[3.3,2.1],[0,0],[0,0],[0,0]],"v":[[50.89,53.8],[54.09,58.8],[42.59,80.4],[39.29,91.4],[41.59,67.9],[49.69,58.5],[32.79,57.7],[22.09,59.4],[16.59,60.2],[10.39,62.9],[8.09,59.9],[12.89,48.2],[0.09,3.7],[18.99,35.9],[25.49,32.5],[31.39,31.4],[38.99,34],[44.79,38.6],[61.49,0],[50.89,53.8]]}],"t":120}]}},{"ty":"fl","bm":0,"hd":false,"nm":"","c":{"a":1,"k":[{"o":{"x":0.33,"y":1},"i":{"x":0.68,"y":1},"s":[0.9569,0.5843,0.2],"t":0},{"o":{"x":0.33,"y":1},"i":{"x":0.68,"y":1},"s":[0.9569,0.5843,0.2],"t":60},{"s":[0.9569,0.5843,0.2],"t":120}]},"r":1,"o":{"a":1,"k":[{"o":{"x":0.33,"y":1},"i":{"x":0.68,"y":1},"s":[100],"t":0},{"o":{"x":0.33,"y":1},"i":{"x":0.68,"y":1},"s":[100],"t":60},{"s":[100],"t":120}]}}],"ind":16},{"ty":4,"nm":"Vector","sr":1,"st":0,"op":121,"ip":0,"hd":false,"ddd":0,"bm":0,"hasMask":false,"ao":0,"ks":{"a":{"a":1,"k":[{"o":{"x":0.33,"y":1},"i":{"x":0.68,"y":1},"s":[5.85,4.55],"t":0},{"o":{"x":0.33,"y":1},"i":{"x":0.68,"y":1},"s":[5.85,4.55],"t":60},{"s":[5.85,4.55],"t":120}]},"s":{"a":1,"k":[{"o":{"x":0.33,"y":1},"i":{"x":0.68,"y":1},"s":[100,100],"t":0},{"o":{"x":0.33,"y":1},"i":{"x":0.68,"y":1},"s":[100,100],"t":60},{"s":[100,100],"t":120}]},"sk":{"a":0,"k":0},"p":{"a":1,"k":[{"o":{"x":0.33,"y":1},"i":{"x":0.68,"y":1},"s":[22.95,64.05],"t":0},{"o":{"x":0.33,"y":1},"i":{"x":0.68,"y":1},"s":[22.95,64.7],"t":60},{"s":[22.95,64.05],"t":120}]},"r":{"a":1,"k":[{"o":{"x":0.33,"y":1},"i":{"x":0.68,"y":1},"s":[0],"t":0},{"o":{"x":0.33,"y":1},"i":{"x":0.68,"y":1},"s":[0],"t":60},{"s":[0],"t":120}]},"sa":{"a":0,"k":0},"o":{"a":1,"k":[{"o":{"x":0.33,"y":1},"i":{"x":0.68,"y":1},"s":[100],"t":0},{"o":{"x":0.33,"y":1},"i":{"x":0.68,"y":1},"s":[100],"t":60},{"s":[100],"t":120}]}},"ef":[],"shapes":[{"ty":"sh","bm":0,"hd":false,"nm":"","d":1,"ks":{"a":1,"k":[{"o":{"x":0.33,"y":1},"i":{"x":0.68,"y":1},"s":[{"c":true,"i":[[0,0],[1.5,-1.9],[0.5,-0.5],[0.2,-0.5],[1.4,1.7],[-2.7,0],[-1.8,0.4]],"o":[[-0.7,1.7],[-0.5,0.6],[-0.7,0.7],[-2.3,-1.9],[1.2,-1.2],[2,0],[0,0]],"v":[[11.7,0],[8.4,5.8],[6.9,7.4],[5.6,9.1],[0,3.4],[6.2,0.7],[11.7,0]]}],"t":0},{"o":{"x":0.33,"y":1},"i":{"x":0.68,"y":1},"s":[{"c":true,"i":[[0,0],[1.5,-1.9],[0.5,-0.5],[0.2,-0.5],[1.4,1.7],[-2.7,0],[-1.8,0.4]],"o":[[-0.7,1.7],[-0.5,0.6],[-0.7,0.7],[-2.3,-1.9],[1.2,-1.2],[2,0],[0,0]],"v":[[11.7,0],[8.4,5.8],[6.9,7.4],[5.6,9.1],[0,3.4],[6.2,0.7],[11.7,0]]}],"t":60},{"s":[{"c":true,"i":[[0,0],[1.5,-1.9],[0.5,-0.5],[0.2,-0.5],[1.4,1.7],[-2.7,0],[-1.8,0.4]],"o":[[-0.7,1.7],[-0.5,0.6],[-0.7,0.7],[-2.3,-1.9],[1.2,-1.2],[2,0],[0,0]],"v":[[11.7,0],[8.4,5.8],[6.9,7.4],[5.6,9.1],[0,3.4],[6.2,0.7],[11.7,0]]}],"t":120}]}},{"ty":"fl","bm":0,"hd":false,"nm":"","c":{"a":1,"k":[{"o":{"x":0.33,"y":1},"i":{"x":0.68,"y":1},"s":[0.9765,0.9765,0.9216],"t":0},{"o":{"x":0.33,"y":1},"i":{"x":0.68,"y":1},"s":[0.9765,0.9765,0.9216],"t":60},{"s":[0.9765,0.9765,0.9216],"t":120}]},"r":1,"o":{"a":1,"k":[{"o":{"x":0.33,"y":1},"i":{"x":0.68,"y":1},"s":[100],"t":0},{"o":{"x":0.33,"y":1},"i":{"x":0.68,"y":1},"s":[100],"t":60},{"s":[100],"t":120}]}}],"ind":17}]},{"nm":"[Asset] Yeux-2","id":"8","layers":[{"ty":4,"nm":"Vector","sr":1,"st":0,"op":121,"ip":0,"hd":false,"ddd":0,"bm":0,"hasMask":false,"ao":0,"ks":{"a":{"a":1,"k":[{"o":{"x":0.33,"y":1},"i":{"x":0.68,"y":1},"s":[0.4,0.7],"t":0},{"o":{"x":0.33,"y":1},"i":{"x":0.68,"y":1},"s":[0.02,0],"t":60},{"s":[0.4,0.7],"t":120}]},"s":{"a":1,"k":[{"o":{"x":0.33,"y":1},"i":{"x":0.68,"y":1},"s":[100,100],"t":0},{"o":{"x":0.33,"y":1},"i":{"x":0.68,"y":1},"s":[100,100],"t":60},{"s":[100,100],"t":120}]},"sk":{"a":0,"k":0},"p":{"a":1,"k":[{"o":{"x":0.33,"y":1},"i":{"x":0.68,"y":1},"s":[5.06,1.82],"t":0},{"o":{"x":0.33,"y":1},"i":{"x":0.68,"y":1},"s":[4.34,0.59],"t":60},{"s":[5.06,1.82],"t":120}]},"r":{"a":1,"k":[{"o":{"x":0.33,"y":1},"i":{"x":0.68,"y":1},"s":[-89.28],"t":0},{"o":{"x":0.33,"y":1},"i":{"x":0.68,"y":1},"s":[-72.49],"t":60},{"s":[-89.28],"t":120}]},"sa":{"a":0,"k":0},"o":{"a":1,"k":[{"o":{"x":0.33,"y":1},"i":{"x":0.68,"y":1},"s":[60],"t":0},{"o":{"x":0.33,"y":1},"i":{"x":0.68,"y":1},"s":[0],"t":60},{"s":[60],"t":120}]}},"ef":[],"shapes":[{"ty":"sh","bm":0,"hd":false,"nm":"","d":1,"ks":{"a":1,"k":[{"o":{"x":0.33,"y":1},"i":{"x":0.68,"y":1},"s":[{"c":true,"i":[[0,0],[0,0.39],[0.22,0],[0,-0.39],[-0.22,0]],"o":[[0.22,0],[0,-0.39],[-0.22,0],[0,0.39],[0,0]],"v":[[0.4,1.4],[0.8,0.7],[0.4,0],[0,0.7],[0.4,1.4]]}],"t":0},{"o":{"x":0.33,"y":1},"i":{"x":0.68,"y":1},"s":[{"c":true,"i":[[0,0],[0,0],[0,0],[0,0],[0,0]],"o":[[0,0],[0,0],[0,0],[0,0],[0,0]],"v":[[0.02,0],[0.03,0],[0.02,0],[0,0],[0.02,0]]}],"t":60},{"s":[{"c":true,"i":[[0,0],[0,0.39],[0.22,0],[0,-0.39],[-0.22,0]],"o":[[0.22,0],[0,-0.39],[-0.22,0],[0,0.39],[0,0]],"v":[[0.4,1.4],[0.8,0.7],[0.4,0],[0,0.7],[0.4,1.4]]}],"t":120}]}},{"ty":"fl","bm":0,"hd":false,"nm":"","c":{"a":1,"k":[{"o":{"x":0.33,"y":1},"i":{"x":0.68,"y":1},"s":[1,1,1],"t":0},{"o":{"x":0.33,"y":1},"i":{"x":0.68,"y":1},"s":[1,1,1],"t":60},{"s":[1,1,1],"t":120}]},"r":1,"o":{"a":1,"k":[{"o":{"x":0.33,"y":1},"i":{"x":0.68,"y":1},"s":[100],"t":0},{"o":{"x":0.33,"y":1},"i":{"x":0.68,"y":1},"s":[100],"t":60},{"s":[100],"t":120}]}}],"ind":1},{"ty":4,"nm":"Vector","sr":1,"st":0,"op":121,"ip":0,"hd":false,"ddd":0,"bm":0,"hasMask":false,"ao":0,"ks":{"a":{"a":1,"k":[{"o":{"x":0.33,"y":1},"i":{"x":0.68,"y":1},"s":[0.8,1.2],"t":0},{"o":{"x":0.33,"y":1},"i":{"x":0.68,"y":1},"s":[0.03,0],"t":60},{"s":[0.8,1.2],"t":120}]},"s":{"a":1,"k":[{"o":{"x":0.33,"y":1},"i":{"x":0.68,"y":1},"s":[100,100],"t":0},{"o":{"x":0.33,"y":1},"i":{"x":0.68,"y":1},"s":[100,100],"t":60},{"s":[100,100],"t":120}]},"sk":{"a":0,"k":0},"p":{"a":1,"k":[{"o":{"x":0.33,"y":1},"i":{"x":0.68,"y":1},"s":[4.05,2.56],"t":0},{"o":{"x":0.33,"y":1},"i":{"x":0.68,"y":1},"s":[2.83,0.62],"t":60},{"s":[4.05,2.56],"t":120}]},"r":{"a":1,"k":[{"o":{"x":0.33,"y":1},"i":{"x":0.68,"y":1},"s":[-89.28],"t":0},{"o":{"x":0.33,"y":1},"i":{"x":0.68,"y":1},"s":[-72.49],"t":60},{"s":[-89.28],"t":120}]},"sa":{"a":0,"k":0},"o":{"a":1,"k":[{"o":{"x":0.33,"y":1},"i":{"x":0.68,"y":1},"s":[100],"t":0},{"o":{"x":0.33,"y":1},"i":{"x":0.68,"y":1},"s":[0],"t":60},{"s":[100],"t":120}]}},"ef":[],"shapes":[{"ty":"sh","bm":0,"hd":false,"nm":"","d":1,"ks":{"a":1,"k":[{"o":{"x":0.33,"y":1},"i":{"x":0.68,"y":1},"s":[{"c":true,"i":[[0,0],[0,0.66],[0.44,0],[0,-0.66],[-0.44,0]],"o":[[0.44,0],[0,-0.66],[-0.44,0],[0,0.66],[0,0]],"v":[[0.8,2.4],[1.6,1.2],[0.8,0],[0,1.2],[0.8,2.4]]}],"t":0},{"o":{"x":0.33,"y":1},"i":{"x":0.68,"y":1},"s":[{"c":true,"i":[[0,0],[0,0],[0,0],[0,0],[0,0]],"o":[[0,0],[0,0],[0,0],[0,0],[0,0]],"v":[[0.03,0],[0.07,0],[0.03,0],[0,0],[0.03,0]]}],"t":60},{"s":[{"c":true,"i":[[0,0],[0,0.66],[0.44,0],[0,-0.66],[-0.44,0]],"o":[[0.44,0],[0,-0.66],[-0.44,0],[0,0.66],[0,0]],"v":[[0.8,2.4],[1.6,1.2],[0.8,0],[0,1.2],[0.8,2.4]]}],"t":120}]}},{"ty":"fl","bm":0,"hd":false,"nm":"","c":{"a":1,"k":[{"o":{"x":0.33,"y":1},"i":{"x":0.68,"y":1},"s":[1,1,1],"t":0},{"o":{"x":0.33,"y":1},"i":{"x":0.68,"y":1},"s":[1,1,1],"t":60},{"s":[1,1,1],"t":120}]},"r":1,"o":{"a":1,"k":[{"o":{"x":0.33,"y":1},"i":{"x":0.68,"y":1},"s":[100],"t":0},{"o":{"x":0.33,"y":1},"i":{"x":0.68,"y":1},"s":[100],"t":60},{"s":[100],"t":120}]}}],"ind":2},{"ty":4,"nm":"Vector","sr":1,"st":0,"op":121,"ip":0,"hd":false,"ddd":0,"bm":0,"hasMask":false,"ao":0,"ks":{"a":{"a":1,"k":[{"o":{"x":0.33,"y":1},"i":{"x":0.68,"y":1},"s":[2.4,3.3],"t":0},{"o":{"x":0.33,"y":1},"i":{"x":0.68,"y":1},"s":[0.35,3.3],"t":60},{"s":[2.4,3.3],"t":120}]},"s":{"a":1,"k":[{"o":{"x":0.33,"y":1},"i":{"x":0.68,"y":1},"s":[100,100],"t":0},{"o":{"x":0.33,"y":1},"i":{"x":0.68,"y":1},"s":[100,100],"t":60},{"s":[100,100],"t":120}]},"sk":{"a":0,"k":0},"p":{"a":1,"k":[{"o":{"x":0.33,"y":1},"i":{"x":0.68,"y":1},"s":[3.33,2.44],"t":0},{"o":{"x":0.33,"y":1},"i":{"x":0.68,"y":1},"s":[3.31,0.79],"t":60},{"s":[3.33,2.44],"t":120}]},"r":{"a":1,"k":[{"o":{"x":0.33,"y":1},"i":{"x":0.68,"y":1},"s":[-89.28],"t":0},{"o":{"x":0.33,"y":1},"i":{"x":0.68,"y":1},"s":[-88.04],"t":60},{"s":[-89.28],"t":120}]},"sa":{"a":0,"k":0},"o":{"a":1,"k":[{"o":{"x":0.33,"y":1},"i":{"x":0.68,"y":1},"s":[100],"t":0},{"o":{"x":0.33,"y":1},"i":{"x":0.68,"y":1},"s":[100],"t":60},{"s":[100],"t":120}]}},"ef":[],"shapes":[{"ty":"sh","bm":0,"hd":false,"nm":"","d":1,"ks":{"a":1,"k":[{"o":{"x":0.33,"y":1},"i":{"x":0.68,"y":1},"s":[{"c":true,"i":[[0,0],[0,1.82],[1.33,0],[0,-1.82],[-1.33,0]],"o":[[1.33,0],[0,-1.82],[-1.33,0],[0,1.82],[0,0]],"v":[[2.4,6.6],[4.8,3.3],[2.4,0],[0,3.3],[2.4,6.6]]}],"t":0},{"o":{"x":0.33,"y":1},"i":{"x":0.68,"y":1},"s":[{"c":true,"i":[[0,0],[0,1.82],[0.19,0],[0,-1.82],[-0.19,0]],"o":[[0.19,0],[0,-1.82],[-0.19,0],[0,1.82],[0,0]],"v":[[0.35,6.6],[0.7,3.3],[0.35,0],[0,3.3],[0.35,6.6]]}],"t":60},{"s":[{"c":true,"i":[[0,0],[0,1.82],[1.33,0],[0,-1.82],[-1.33,0]],"o":[[1.33,0],[0,-1.82],[-1.33,0],[0,1.82],[0,0]],"v":[[2.4,6.6],[4.8,3.3],[2.4,0],[0,3.3],[2.4,6.6]]}],"t":120}]}},{"ty":"fl","bm":0,"hd":false,"nm":"","c":{"a":1,"k":[{"o":{"x":0.33,"y":1},"i":{"x":0.68,"y":1},"s":[0.2196,0.1059,0.0706],"t":0},{"o":{"x":0.33,"y":1},"i":{"x":0.68,"y":1},"s":[0.2196,0.1059,0.0706],"t":60},{"s":[0.2196,0.1059,0.0706],"t":120}]},"r":1,"o":{"a":1,"k":[{"o":{"x":0.33,"y":1},"i":{"x":0.68,"y":1},"s":[100],"t":0},{"o":{"x":0.33,"y":1},"i":{"x":0.68,"y":1},"s":[100],"t":60},{"s":[100],"t":120}]}}],"ind":3}]},{"nm":"[Asset] Yeux","id":"9","layers":[{"ty":4,"nm":"Vector","sr":1,"st":0,"op":121,"ip":0,"hd":false,"ddd":0,"bm":0,"hasMask":false,"ao":0,"ks":{"a":{"a":1,"k":[{"o":{"x":0.33,"y":1},"i":{"x":0.68,"y":1},"s":[0.4,0.7],"t":0},{"o":{"x":0.33,"y":1},"i":{"x":0.68,"y":1},"s":[0.02,0],"t":60},{"s":[0.4,0.7],"t":120}]},"s":{"a":1,"k":[{"o":{"x":0.33,"y":1},"i":{"x":0.68,"y":1},"s":[100,100],"t":0},{"o":{"x":0.33,"y":1},"i":{"x":0.68,"y":1},"s":[100,100],"t":60},{"s":[100,100],"t":120}]},"sk":{"a":0,"k":0},"p":{"a":1,"k":[{"o":{"x":0.33,"y":1},"i":{"x":0.68,"y":1},"s":[5.06,1.74],"t":0},{"o":{"x":0.33,"y":1},"i":{"x":0.68,"y":1},"s":[4.28,0.42],"t":60},{"s":[5.06,1.74],"t":120}]},"r":{"a":1,"k":[{"o":{"x":0.33,"y":1},"i":{"x":0.68,"y":1},"s":[-89.28],"t":0},{"o":{"x":0.33,"y":1},"i":{"x":0.68,"y":1},"s":[-72.7],"t":60},{"s":[-89.28],"t":120}]},"sa":{"a":0,"k":0},"o":{"a":1,"k":[{"o":{"x":0.33,"y":1},"i":{"x":0.68,"y":1},"s":[60],"t":0},{"o":{"x":0.33,"y":1},"i":{"x":0.68,"y":1},"s":[0],"t":60},{"s":[60],"t":120}]}},"ef":[],"shapes":[{"ty":"sh","bm":0,"hd":false,"nm":"","d":1,"ks":{"a":1,"k":[{"o":{"x":0.33,"y":1},"i":{"x":0.68,"y":1},"s":[{"c":true,"i":[[0,0],[0,0.39],[0.22,0],[0,-0.39],[-0.22,0]],"o":[[0.22,0],[0,-0.39],[-0.22,0],[0,0.39],[0,0]],"v":[[0.4,1.4],[0.8,0.7],[0.4,0],[0,0.7],[0.4,1.4]]}],"t":0},{"o":{"x":0.33,"y":1},"i":{"x":0.68,"y":1},"s":[{"c":true,"i":[[0,0],[0,0],[0,0],[0,0],[0,0]],"o":[[0,0],[0,0],[0,0],[0,0],[0,0]],"v":[[0.02,0],[0.03,0],[0.02,0],[0,0],[0.02,0]]}],"t":60},{"s":[{"c":true,"i":[[0,0],[0,0.39],[0.22,0],[0,-0.39],[-0.22,0]],"o":[[0.22,0],[0,-0.39],[-0.22,0],[0,0.39],[0,0]],"v":[[0.4,1.4],[0.8,0.7],[0.4,0],[0,0.7],[0.4,1.4]]}],"t":120}]}},{"ty":"fl","bm":0,"hd":false,"nm":"","c":{"a":1,"k":[{"o":{"x":0.33,"y":1},"i":{"x":0.68,"y":1},"s":[1,1,1],"t":0},{"o":{"x":0.33,"y":1},"i":{"x":0.68,"y":1},"s":[1,1,1],"t":60},{"s":[1,1,1],"t":120}]},"r":1,"o":{"a":1,"k":[{"o":{"x":0.33,"y":1},"i":{"x":0.68,"y":1},"s":[100],"t":0},{"o":{"x":0.33,"y":1},"i":{"x":0.68,"y":1},"s":[100],"t":60},{"s":[100],"t":120}]}}],"ind":1},{"ty":4,"nm":"Vector","sr":1,"st":0,"op":121,"ip":0,"hd":false,"ddd":0,"bm":0,"hasMask":false,"ao":0,"ks":{"a":{"a":1,"k":[{"o":{"x":0.33,"y":1},"i":{"x":0.68,"y":1},"s":[0.8,1.2],"t":0},{"o":{"x":0.33,"y":1},"i":{"x":0.68,"y":1},"s":[0.03,0],"t":60},{"s":[0.8,1.2],"t":120}]},"s":{"a":1,"k":[{"o":{"x":0.33,"y":1},"i":{"x":0.68,"y":1},"s":[100,100],"t":0},{"o":{"x":0.33,"y":1},"i":{"x":0.68,"y":1},"s":[100,100],"t":60},{"s":[100,100],"t":120}]},"sk":{"a":0,"k":0},"p":{"a":1,"k":[{"o":{"x":0.33,"y":1},"i":{"x":0.68,"y":1},"s":[4.06,2.47],"t":0},{"o":{"x":0.33,"y":1},"i":{"x":0.68,"y":1},"s":[2.78,0.45],"t":60},{"s":[4.06,2.47],"t":120}]},"r":{"a":1,"k":[{"o":{"x":0.33,"y":1},"i":{"x":0.68,"y":1},"s":[-89.28],"t":0},{"o":{"x":0.33,"y":1},"i":{"x":0.68,"y":1},"s":[-72.7],"t":60},{"s":[-89.28],"t":120}]},"sa":{"a":0,"k":0},"o":{"a":1,"k":[{"o":{"x":0.33,"y":1},"i":{"x":0.68,"y":1},"s":[100],"t":0},{"o":{"x":0.33,"y":1},"i":{"x":0.68,"y":1},"s":[0],"t":60},{"s":[100],"t":120}]}},"ef":[],"shapes":[{"ty":"sh","bm":0,"hd":false,"nm":"","d":1,"ks":{"a":1,"k":[{"o":{"x":0.33,"y":1},"i":{"x":0.68,"y":1},"s":[{"c":true,"i":[[0,0],[0,0.66],[0.44,0],[0,-0.66],[-0.44,0]],"o":[[0.44,0],[0,-0.66],[-0.44,0],[0,0.66],[0,0]],"v":[[0.8,2.4],[1.6,1.2],[0.8,0],[0,1.2],[0.8,2.4]]}],"t":0},{"o":{"x":0.33,"y":1},"i":{"x":0.68,"y":1},"s":[{"c":true,"i":[[0,0],[0,0],[0,0],[0,0],[0,0]],"o":[[0,0],[0,0],[0,0],[0,0],[0,0]],"v":[[0.03,0],[0.07,0],[0.03,0],[0,0],[0.03,0]]}],"t":60},{"s":[{"c":true,"i":[[0,0],[0,0.66],[0.44,0],[0,-0.66],[-0.44,0]],"o":[[0.44,0],[0,-0.66],[-0.44,0],[0,0.66],[0,0]],"v":[[0.8,2.4],[1.6,1.2],[0.8,0],[0,1.2],[0.8,2.4]]}],"t":120}]}},{"ty":"fl","bm":0,"hd":false,"nm":"","c":{"a":1,"k":[{"o":{"x":0.33,"y":1},"i":{"x":0.68,"y":1},"s":[1,1,1],"t":0},{"o":{"x":0.33,"y":1},"i":{"x":0.68,"y":1},"s":[1,1,1],"t":60},{"s":[1,1,1],"t":120}]},"r":1,"o":{"a":1,"k":[{"o":{"x":0.33,"y":1},"i":{"x":0.68,"y":1},"s":[100],"t":0},{"o":{"x":0.33,"y":1},"i":{"x":0.68,"y":1},"s":[100],"t":60},{"s":[100],"t":120}]}}],"ind":2},{"ty":4,"nm":"Vector","sr":1,"st":0,"op":121,"ip":0,"hd":false,"ddd":0,"bm":0,"hasMask":false,"ao":0,"ks":{"a":{"a":1,"k":[{"o":{"x":0.33,"y":1},"i":{"x":0.68,"y":1},"s":[2.4,3.3],"t":0},{"o":{"x":0.33,"y":1},"i":{"x":0.68,"y":1},"s":[0.36,3.26],"t":60},{"s":[2.4,3.3],"t":120}]},"s":{"a":1,"k":[{"o":{"x":0.33,"y":1},"i":{"x":0.68,"y":1},"s":[100,100],"t":0},{"o":{"x":0.33,"y":1},"i":{"x":0.68,"y":1},"s":[100,100],"t":60},{"s":[100,100],"t":120}]},"sk":{"a":0,"k":0},"p":{"a":1,"k":[{"o":{"x":0.33,"y":1},"i":{"x":0.68,"y":1},"s":[3.33,2.44],"t":0},{"o":{"x":0.33,"y":1},"i":{"x":0.68,"y":1},"s":[3.28,0.63],"t":60},{"s":[3.33,2.44],"t":120}]},"r":{"a":1,"k":[{"o":{"x":0.33,"y":1},"i":{"x":0.68,"y":1},"s":[-89.28],"t":0},{"o":{"x":0.33,"y":1},"i":{"x":0.68,"y":1},"s":[-85.13],"t":60},{"s":[-89.28],"t":120}]},"sa":{"a":0,"k":0},"o":{"a":1,"k":[{"o":{"x":0.33,"y":1},"i":{"x":0.68,"y":1},"s":[100],"t":0},{"o":{"x":0.33,"y":1},"i":{"x":0.68,"y":1},"s":[100],"t":60},{"s":[100],"t":120}]}},"ef":[],"shapes":[{"ty":"sh","bm":0,"hd":false,"nm":"","d":1,"ks":{"a":1,"k":[{"o":{"x":0.33,"y":1},"i":{"x":0.68,"y":1},"s":[{"c":true,"i":[[0,0],[0,1.82],[1.33,0],[0,-1.82],[-1.33,0]],"o":[[1.33,0],[0,-1.82],[-1.33,0],[0,1.82],[0,0]],"v":[[2.4,6.6],[4.8,3.3],[2.4,0],[0,3.3],[2.4,6.6]]}],"t":0},{"o":{"x":0.33,"y":1},"i":{"x":0.68,"y":1},"s":[{"c":true,"i":[[0,0],[0,1.8],[0.2,0],[0,-1.8],[-0.2,0]],"o":[[0.2,0],[0,-1.8],[-0.2,0],[0,1.8],[0,0]],"v":[[0.36,6.52],[0.71,3.26],[0.36,0],[0,3.26],[0.36,6.52]]}],"t":60},{"s":[{"c":true,"i":[[0,0],[0,1.82],[1.33,0],[0,-1.82],[-1.33,0]],"o":[[1.33,0],[0,-1.82],[-1.33,0],[0,1.82],[0,0]],"v":[[2.4,6.6],[4.8,3.3],[2.4,0],[0,3.3],[2.4,6.6]]}],"t":120}]}},{"ty":"fl","bm":0,"hd":false,"nm":"","c":{"a":1,"k":[{"o":{"x":0.33,"y":1},"i":{"x":0.68,"y":1},"s":[0.2196,0.1059,0.0706],"t":0},{"o":{"x":0.33,"y":1},"i":{"x":0.68,"y":1},"s":[0.2196,0.1059,0.0706],"t":60},{"s":[0.2196,0.1059,0.0706],"t":120}]},"r":1,"o":{"a":1,"k":[{"o":{"x":0.33,"y":1},"i":{"x":0.68,"y":1},"s":[100],"t":0},{"o":{"x":0.33,"y":1},"i":{"x":0.68,"y":1},"s":[100],"t":60},{"s":[100],"t":120}]}}],"ind":3}]},{"nm":"[Asset] Queue_Couleur","id":"10","layers":[{"ty":4,"nm":"Vector","sr":1,"st":0,"op":121,"ip":0,"hd":false,"ddd":0,"bm":0,"hasMask":false,"ao":0,"ks":{"a":{"a":1,"k":[{"o":{"x":0.33,"y":1},"i":{"x":0.68,"y":1},"s":[12.65,9.05],"t":0},{"o":{"x":0.33,"y":1},"i":{"x":0.68,"y":1},"s":[12.65,9.05],"t":60},{"s":[12.65,9.05],"t":120}]},"s":{"a":1,"k":[{"o":{"x":0.33,"y":1},"i":{"x":0.68,"y":1},"s":[100,100],"t":0},{"o":{"x":0.33,"y":1},"i":{"x":0.68,"y":1},"s":[100,100],"t":60},{"s":[100,100],"t":120}]},"sk":{"a":0,"k":0},"p":{"a":1,"k":[{"o":{"x":0.33,"y":1},"i":{"x":0.68,"y":1},"s":[40.25,35.95],"t":0},{"o":{"x":0.33,"y":1},"i":{"x":0.68,"y":1},"s":[40.25,35.95],"t":60},{"s":[40.25,35.95],"t":120}]},"r":{"a":1,"k":[{"o":{"x":0.33,"y":1},"i":{"x":0.68,"y":1},"s":[0],"t":0},{"o":{"x":0.33,"y":1},"i":{"x":0.68,"y":1},"s":[0],"t":60},{"s":[0],"t":120}]},"sa":{"a":0,"k":0},"o":{"a":1,"k":[{"o":{"x":0.33,"y":1},"i":{"x":0.68,"y":1},"s":[100],"t":0},{"o":{"x":0.33,"y":1},"i":{"x":0.68,"y":1},"s":[100],"t":60},{"s":[100],"t":120}]}},"ef":[],"shapes":[{"ty":"sh","bm":0,"hd":false,"nm":"","d":1,"ks":{"a":1,"k":[{"o":{"x":0.33,"y":1},"i":{"x":0.68,"y":1},"s":[{"c":true,"i":[[0,0],[-9,6.7],[0.1,0.2],[3.9,0.2],[0,0]],"o":[[7.5,-0.9],[-0.1,-0.2],[-3.7,-4.8],[-4.2,7.7],[0,0]],"v":[[0,18.1],[25.3,6.7],[25,6.2],[16.2,0],[0,18.1]]}],"t":0},{"o":{"x":0.33,"y":1},"i":{"x":0.68,"y":1},"s":[{"c":true,"i":[[0,0],[-9,6.7],[0.1,0.2],[3.9,0.2],[0,0]],"o":[[7.5,-0.9],[-0.1,-0.2],[-3.7,-4.8],[-4.2,7.7],[0,0]],"v":[[0,18.1],[25.3,6.7],[25,6.2],[16.2,0],[0,18.1]]}],"t":60},{"s":[{"c":true,"i":[[0,0],[-9,6.7],[0.1,0.2],[3.9,0.2],[0,0]],"o":[[7.5,-0.9],[-0.1,-0.2],[-3.7,-4.8],[-4.2,7.7],[0,0]],"v":[[0,18.1],[25.3,6.7],[25,6.2],[16.2,0],[0,18.1]]}],"t":120}]}},{"ty":"fl","bm":0,"hd":false,"nm":"","c":{"a":1,"k":[{"o":{"x":0.33,"y":1},"i":{"x":0.68,"y":1},"s":[0.9686,0.851,0.7216],"t":0},{"o":{"x":0.33,"y":1},"i":{"x":0.68,"y":1},"s":[0.9686,0.851,0.7216],"t":60},{"s":[0.9686,0.851,0.7216],"t":120}]},"r":1,"o":{"a":1,"k":[{"o":{"x":0.33,"y":1},"i":{"x":0.68,"y":1},"s":[100],"t":0},{"o":{"x":0.33,"y":1},"i":{"x":0.68,"y":1},"s":[100],"t":60},{"s":[100],"t":120}]}}],"ind":1},{"ty":4,"nm":"Vector","sr":1,"st":0,"op":121,"ip":0,"hd":false,"ddd":0,"bm":0,"hasMask":false,"ao":0,"ks":{"a":{"a":1,"k":[{"o":{"x":0.33,"y":1},"i":{"x":0.68,"y":1},"s":[14.56,8.33],"t":0},{"o":{"x":0.33,"y":1},"i":{"x":0.68,"y":1},"s":[14.56,8.33],"t":60},{"s":[14.56,8.33],"t":120}]},"s":{"a":1,"k":[{"o":{"x":0.33,"y":1},"i":{"x":0.68,"y":1},"s":[100,100],"t":0},{"o":{"x":0.33,"y":1},"i":{"x":0.68,"y":1},"s":[100,100],"t":60},{"s":[100,100],"t":120}]},"sk":{"a":0,"k":0},"p":{"a":1,"k":[{"o":{"x":0.33,"y":1},"i":{"x":0.68,"y":1},"s":[42.16,41.93],"t":0},{"o":{"x":0.33,"y":1},"i":{"x":0.68,"y":1},"s":[42.16,41.93],"t":60},{"s":[42.16,41.93],"t":120}]},"r":{"a":1,"k":[{"o":{"x":0.33,"y":1},"i":{"x":0.68,"y":1},"s":[0],"t":0},{"o":{"x":0.33,"y":1},"i":{"x":0.68,"y":1},"s":[0],"t":60},{"s":[0],"t":120}]},"sa":{"a":0,"k":0},"o":{"a":1,"k":[{"o":{"x":0.33,"y":1},"i":{"x":0.68,"y":1},"s":[100],"t":0},{"o":{"x":0.33,"y":1},"i":{"x":0.68,"y":1},"s":[100],"t":60},{"s":[100],"t":120}]}},"ef":[],"shapes":[{"ty":"sh","bm":0,"hd":false,"nm":"","d":1,"ks":{"a":1,"k":[{"o":{"x":0.33,"y":1},"i":{"x":0.68,"y":1},"s":[{"c":true,"i":[[0,0],[-9.6,0.4],[3.6,5.2],[7.5,-0.9]],"o":[[13.9,4.2],[0.1,-4.5],[-9,6.7],[0,0]],"v":[[0,11.4],[29.1,16.6],[25.3,0],[0,11.4]]}],"t":0},{"o":{"x":0.33,"y":1},"i":{"x":0.68,"y":1},"s":[{"c":true,"i":[[0,0],[-9.6,0.4],[3.6,5.2],[7.5,-0.9]],"o":[[13.9,4.2],[0.1,-4.5],[-9,6.7],[0,0]],"v":[[0,11.4],[29.1,16.6],[25.3,0],[0,11.4]]}],"t":60},{"s":[{"c":true,"i":[[0,0],[-9.6,0.4],[3.6,5.2],[7.5,-0.9]],"o":[[13.9,4.2],[0.1,-4.5],[-9,6.7],[0,0]],"v":[[0,11.4],[29.1,16.6],[25.3,0],[0,11.4]]}],"t":120}]}},{"ty":"fl","bm":0,"hd":false,"nm":"","c":{"a":1,"k":[{"o":{"x":0.33,"y":1},"i":{"x":0.68,"y":1},"s":[0.9765,0.9765,0.9216],"t":0},{"o":{"x":0.33,"y":1},"i":{"x":0.68,"y":1},"s":[0.9765,0.9765,0.9216],"t":60},{"s":[0.9765,0.9765,0.9216],"t":120}]},"r":1,"o":{"a":1,"k":[{"o":{"x":0.33,"y":1},"i":{"x":0.68,"y":1},"s":[100],"t":0},{"o":{"x":0.33,"y":1},"i":{"x":0.68,"y":1},"s":[100],"t":60},{"s":[100],"t":120}]}}],"ind":2},{"ty":4,"nm":"Vector","sr":1,"st":0,"op":121,"ip":0,"hd":false,"ddd":0,"bm":0,"hasMask":false,"ao":0,"ks":{"a":{"a":1,"k":[{"o":{"x":0.33,"y":1},"i":{"x":0.68,"y":1},"s":[15.45,15.5],"t":0},{"o":{"x":0.33,"y":1},"i":{"x":0.68,"y":1},"s":[15.45,15.5],"t":60},{"s":[15.45,15.5],"t":120}]},"s":{"a":1,"k":[{"o":{"x":0.33,"y":1},"i":{"x":0.68,"y":1},"s":[100,100],"t":0},{"o":{"x":0.33,"y":1},"i":{"x":0.68,"y":1},"s":[100,100],"t":60},{"s":[100,100],"t":120}]},"sk":{"a":0,"k":0},"p":{"a":1,"k":[{"o":{"x":0.33,"y":1},"i":{"x":0.68,"y":1},"s":[79.65,33.8],"t":0},{"o":{"x":0.33,"y":1},"i":{"x":0.68,"y":1},"s":[79.65,33.8],"t":60},{"s":[79.65,33.8],"t":120}]},"r":{"a":1,"k":[{"o":{"x":0.33,"y":1},"i":{"x":0.68,"y":1},"s":[0],"t":0},{"o":{"x":0.33,"y":1},"i":{"x":0.68,"y":1},"s":[0],"t":60},{"s":[0],"t":120}]},"sa":{"a":0,"k":0},"o":{"a":1,"k":[{"o":{"x":0.33,"y":1},"i":{"x":0.68,"y":1},"s":[100],"t":0},{"o":{"x":0.33,"y":1},"i":{"x":0.68,"y":1},"s":[100],"t":60},{"s":[100],"t":120}]}},"ef":[],"shapes":[{"ty":"sh","bm":0,"hd":false,"nm":"","d":1,"ks":{"a":1,"k":[{"o":{"x":0.33,"y":1},"i":{"x":0.68,"y":1},"s":[{"c":true,"i":[[0,0],[0,6.2],[0.8,1.8],[4.2,-4.9],[6.5,-3.6]],"o":[[23.2,-4],[0,-1.6],[-0.6,3.7],[-6.1,7],[0,0]],"v":[[0,31],[30.9,5.2],[29.7,0],[23.3,13.4],[0,31]]}],"t":0},{"o":{"x":0.33,"y":1},"i":{"x":0.68,"y":1},"s":[{"c":true,"i":[[0,0],[0,6.2],[0.8,1.8],[4.2,-4.9],[6.5,-3.6]],"o":[[23.2,-4],[0,-1.6],[-0.6,3.7],[-6.1,7],[0,0]],"v":[[0,31],[30.9,5.2],[29.7,0],[23.3,13.4],[0,31]]}],"t":60},{"s":[{"c":true,"i":[[0,0],[0,6.2],[0.8,1.8],[4.2,-4.9],[6.5,-3.6]],"o":[[23.2,-4],[0,-1.6],[-0.6,3.7],[-6.1,7],[0,0]],"v":[[0,31],[30.9,5.2],[29.7,0],[23.3,13.4],[0,31]]}],"t":120}]}},{"ty":"fl","bm":0,"hd":false,"nm":"","c":{"a":1,"k":[{"o":{"x":0.33,"y":1},"i":{"x":0.68,"y":1},"s":[0.9412,0.498,0.149],"t":0},{"o":{"x":0.33,"y":1},"i":{"x":0.68,"y":1},"s":[0.9412,0.498,0.149],"t":60},{"s":[0.9412,0.498,0.149],"t":120}]},"r":1,"o":{"a":1,"k":[{"o":{"x":0.33,"y":1},"i":{"x":0.68,"y":1},"s":[100],"t":0},{"o":{"x":0.33,"y":1},"i":{"x":0.68,"y":1},"s":[100],"t":60},{"s":[100],"t":120}]}}],"ind":3},{"ty":4,"nm":"Vector","sr":1,"st":0,"op":121,"ip":0,"hd":false,"ddd":0,"bm":0,"hasMask":false,"ao":0,"ks":{"a":{"a":1,"k":[{"o":{"x":0.33,"y":1},"i":{"x":0.68,"y":1},"s":[44.75,25.05],"t":0},{"o":{"x":0.33,"y":1},"i":{"x":0.68,"y":1},"s":[44.75,25.05],"t":60},{"s":[44.75,25.05],"t":120}]},"s":{"a":1,"k":[{"o":{"x":0.33,"y":1},"i":{"x":0.68,"y":1},"s":[100,100],"t":0},{"o":{"x":0.33,"y":1},"i":{"x":0.68,"y":1},"s":[100,100],"t":60},{"s":[100,100],"t":120}]},"sk":{"a":0,"k":0},"p":{"a":1,"k":[{"o":{"x":0.33,"y":1},"i":{"x":0.68,"y":1},"s":[49.05,25.05],"t":0},{"o":{"x":0.33,"y":1},"i":{"x":0.68,"y":1},"s":[49.05,25.05],"t":60},{"s":[49.05,25.05],"t":120}]},"r":{"a":1,"k":[{"o":{"x":0.33,"y":1},"i":{"x":0.68,"y":1},"s":[0],"t":0},{"o":{"x":0.33,"y":1},"i":{"x":0.68,"y":1},"s":[0],"t":60},{"s":[0],"t":120}]},"sa":{"a":0,"k":0},"o":{"a":1,"k":[{"o":{"x":0.33,"y":1},"i":{"x":0.68,"y":1},"s":[100],"t":0},{"o":{"x":0.33,"y":1},"i":{"x":0.68,"y":1},"s":[100],"t":60},{"s":[100],"t":120}]}},"ef":[],"shapes":[{"ty":"sh","bm":0,"hd":false,"nm":"","d":1,"ks":{"a":1,"k":[{"o":{"x":0.33,"y":1},"i":{"x":0.68,"y":1},"s":[{"c":true,"i":[[0,0],[4.5,-3.4],[0.1,-4.5],[-2.6,0.5],[-6.1,7.1],[-0.6,3.7],[20.3,0],[6.3,-3.7],[0,-12]],"o":[[0,4.9],[3.7,5.2],[3,-0.1],[6.5,-3.6],[4.2,-4.9],[-3.7,-8.6],[-17,0],[9.8,-0.3],[0,0]],"v":[[56.2,21.1],[48.6,33.5],[52.4,50.1],[59.8,49.2],[83.1,31.5],[89.5,18.1],[55.1,0],[0,9.8],[56.2,21.1]]}],"t":0},{"o":{"x":0.33,"y":1},"i":{"x":0.68,"y":1},"s":[{"c":true,"i":[[0,0],[4.5,-3.4],[0.1,-4.5],[-2.6,0.5],[-6.1,7.1],[-0.6,3.7],[20.3,0],[6.3,-3.7],[0,-12]],"o":[[0,4.9],[3.7,5.2],[3,-0.1],[6.5,-3.6],[4.2,-4.9],[-3.7,-8.6],[-17,0],[9.8,-0.3],[0,0]],"v":[[56.2,21.1],[48.6,33.5],[52.4,50.1],[59.8,49.2],[83.1,31.5],[89.5,18.1],[55.1,0],[0,9.8],[56.2,21.1]]}],"t":60},{"s":[{"c":true,"i":[[0,0],[4.5,-3.4],[0.1,-4.5],[-2.6,0.5],[-6.1,7.1],[-0.6,3.7],[20.3,0],[6.3,-3.7],[0,-12]],"o":[[0,4.9],[3.7,5.2],[3,-0.1],[6.5,-3.6],[4.2,-4.9],[-3.7,-8.6],[-17,0],[9.8,-0.3],[0,0]],"v":[[56.2,21.1],[48.6,33.5],[52.4,50.1],[59.8,49.2],[83.1,31.5],[89.5,18.1],[55.1,0],[0,9.8],[56.2,21.1]]}],"t":120}]}},{"ty":"fl","bm":0,"hd":false,"nm":"","c":{"a":1,"k":[{"o":{"x":0.33,"y":1},"i":{"x":0.68,"y":1},"s":[0.9569,0.5843,0.2],"t":0},{"o":{"x":0.33,"y":1},"i":{"x":0.68,"y":1},"s":[0.9569,0.5843,0.2],"t":60},{"s":[0.9569,0.5843,0.2],"t":120}]},"r":1,"o":{"a":1,"k":[{"o":{"x":0.33,"y":1},"i":{"x":0.68,"y":1},"s":[100],"t":0},{"o":{"x":0.33,"y":1},"i":{"x":0.68,"y":1},"s":[100],"t":60},{"s":[100],"t":120}]}}],"ind":4},{"ty":4,"nm":"Vector","sr":1,"st":0,"op":121,"ip":0,"hd":false,"ddd":0,"bm":0,"hasMask":false,"ao":0,"ks":{"a":{"a":1,"k":[{"o":{"x":0.33,"y":1},"i":{"x":0.68,"y":1},"s":[30.25,11.89],"t":0},{"o":{"x":0.33,"y":1},"i":{"x":0.68,"y":1},"s":[30.25,11.89],"t":60},{"s":[30.25,11.89],"t":120}]},"s":{"a":1,"k":[{"o":{"x":0.33,"y":1},"i":{"x":0.68,"y":1},"s":[100,100],"t":0},{"o":{"x":0.33,"y":1},"i":{"x":0.68,"y":1},"s":[100,100],"t":60},{"s":[100,100],"t":120}]},"sk":{"a":0,"k":0},"p":{"a":1,"k":[{"o":{"x":0.33,"y":1},"i":{"x":0.68,"y":1},"s":[30.25,21.71],"t":0},{"o":{"x":0.33,"y":1},"i":{"x":0.68,"y":1},"s":[30.25,21.71],"t":60},{"s":[30.25,21.71],"t":120}]},"r":{"a":1,"k":[{"o":{"x":0.33,"y":1},"i":{"x":0.68,"y":1},"s":[0],"t":0},{"o":{"x":0.33,"y":1},"i":{"x":0.68,"y":1},"s":[0],"t":60},{"s":[0],"t":120}]},"sa":{"a":0,"k":0},"o":{"a":1,"k":[{"o":{"x":0.33,"y":1},"i":{"x":0.68,"y":1},"s":[100],"t":0},{"o":{"x":0.33,"y":1},"i":{"x":0.68,"y":1},"s":[100],"t":60},{"s":[100],"t":120}]}},"ef":[],"shapes":[{"ty":"sh","bm":0,"hd":false,"nm":"","d":1,"ks":{"a":1,"k":[{"o":{"x":0.33,"y":1},"i":{"x":0.68,"y":1},"s":[{"c":true,"i":[[0,0],[1.3,-2.4],[-3.7,-4.8],[-0.1,-0.2],[0,4.9],[9.7,-0.5],[0,0],[-3.3,-6.4]],"o":[[0.8,1.5],[3.8,0.3],[0.1,0.2],[4.5,-3.4],[0,-12.1],[-2.8,1.7],[0,0],[0,0]],"v":[[44.8,10.99],[43.8,17.09],[52.6,23.29],[52.9,23.79],[60.5,11.39],[4.4,0.19],[0,3.09],[44.8,10.99]]}],"t":0},{"o":{"x":0.33,"y":1},"i":{"x":0.68,"y":1},"s":[{"c":true,"i":[[0,0],[1.3,-2.4],[-3.7,-4.8],[-0.1,-0.2],[0,4.9],[9.7,-0.5],[0,0],[-3.3,-6.4]],"o":[[0.8,1.5],[3.8,0.3],[0.1,0.2],[4.5,-3.4],[0,-12.1],[-2.8,1.7],[0,0],[0,0]],"v":[[44.8,10.99],[43.8,17.09],[52.6,23.29],[52.9,23.79],[60.5,11.39],[4.4,0.19],[0,3.09],[44.8,10.99]]}],"t":60},{"s":[{"c":true,"i":[[0,0],[1.3,-2.4],[-3.7,-4.8],[-0.1,-0.2],[0,4.9],[9.7,-0.5],[0,0],[-3.3,-6.4]],"o":[[0.8,1.5],[3.8,0.3],[0.1,0.2],[4.5,-3.4],[0,-12.1],[-2.8,1.7],[0,0],[0,0]],"v":[[44.8,10.99],[43.8,17.09],[52.6,23.29],[52.9,23.79],[60.5,11.39],[4.4,0.19],[0,3.09],[44.8,10.99]]}],"t":120}]}},{"ty":"fl","bm":0,"hd":false,"nm":"","c":{"a":1,"k":[{"o":{"x":0.33,"y":1},"i":{"x":0.68,"y":1},"s":[0.9843,0.7333,0.2667],"t":0},{"o":{"x":0.33,"y":1},"i":{"x":0.68,"y":1},"s":[0.9843,0.7333,0.2667],"t":60},{"s":[0.9843,0.7333,0.2667],"t":120}]},"r":1,"o":{"a":1,"k":[{"o":{"x":0.33,"y":1},"i":{"x":0.68,"y":1},"s":[100],"t":0},{"o":{"x":0.33,"y":1},"i":{"x":0.68,"y":1},"s":[100],"t":60},{"s":[100],"t":120}]}}],"ind":5}]}]}